INTERNATIONAL JOURNAL OF EDUCATIONAL DEVELOPMENT,0738-0593,1873-4871,EDUCATION & EDUCATIONAL RESEARCH - SSCI,Q3,45
Physical Review Physics Education Research,2469-9896,2469-9896,EDUCATION & EDUCATIONAL RESEARCH - SSCI,Q3,46
Chemistry Education Research and Practice,1109-4028,1756-1108,EDUCATION & EDUCATIONAL RESEARCH - SSCI,Q3,47
Learning Culture and Social Interaction,2210-6561,2210-657X,EDUCATION & EDUCATIONAL RESEARCH - SSCI,Q3,48
Revista de Psicodidactica,1136-1034,2254-4372,EDUCATION & EDUCATIONAL RESEARCH - SSCI,Q3,49
Education and Information Technologies,1360-2357,1573-7608,EDUCATION & EDUCATIONAL RESEARCH - SSCI,Q3,50
Educational Philosophy and Theory,0013-1857,1469-5812,EDUCATION & EDUCATIONAL RESEARCH - SSCI,Q3,51
JOURNAL OF SCHOOL HEALTH,0022-4391,1746-1561,EDUCATION & EDUCATIONAL RESEARCH - SSCI,Q3,52
Studies in Continuing Education,0158-037X,1470-126X,EDUCATION & EDUCATIONAL RESEARCH - SSCI,Q3,53
Asia-Pacific Education Researcher,0119-5646,2243-7908,EDUCATION & EDUCATIONAL RESEARCH - SSCI,Q3,54
Educacion XX1,1139-613X,2174-5374,EDUCATION & EDUCATIONAL RESEARCH - SSCI,Q3,55
RIED-Revista Iberoamericana de Educacion a Distancia,1138-2783,1390-3306,EDUCATION & EDUCATIONAL RESEARCH - SSCI,Q3,56
Scandinavian Journal of Educational Research,0031-3831,1470-1170,EDUCATION & EDUCATIONAL RESEARCH - SSCI,Q3,57
EDUCATION AND URBAN SOCIETY,0013-1245,1552-3535,EDUCATION & EDUCATIONAL RESEARCH - SSCI,Q3,58
STUDIES IN PHILOSOPHY AND EDUCATION,0039-3746,1573-191X,EDUCATION & EDUCATIONAL RESEARCH - SSCI,Q3,59
Asia Pacific Education Review,1598-1037,1876-407X,EDUCATION & EDUCATIONAL RESEARCH - SSCI,Q3,60
Reading & Writing Quarterly,1057-3569,1521-0693,EDUCATION & EDUCATIONAL RESEARCH - SSCI,Q3,61
Higher Education Policy,0952-8733,1740-3863,EDUCATION & EDUCATIONAL RESEARCH - SSCI,Q3,62
READING TEACHER,0034-0561,1936-2714,EDUCATION & EDUCATIONAL RESEARCH - SSCI,Q3,63
Journal of Marketing for Higher Education,0884-1241,1540-7144,EDUCATION & EDUCATIONAL RESEARCH - SSCI,Q3,64
International Journal for Academic Development,1360-144X,1470-1324,EDUCATION & EDUCATIONAL RESEARCH - SSCI,Q3,65
Early Childhood Education Journal,1082-3301,1573-1707,EDUCATION & EDUCATIONAL RESEARCH - SSCI,Q3,66
Education and Training,0040-0912,1758-6127,EDUCATION & EDUCATIONAL RESEARCH - SSCI,Q4,1
JOURNAL OF MORAL EDUCATION,0305-7240,1465-3877,EDUCATION & EDUCATIONAL RESEARCH - SSCI,Q4,2
Psicologia Educativa,1135-755X,2174-0526,EDUCATION & EDUCATIONAL RESEARCH - SSCI,Q4,3
INNOVATIONS IN EDUCATION AND TEACHING INTERNATIONAL,1470-3297,1470-3300,EDUCATION & EDUCATIONAL RESEARCH - SSCI,Q4,4
JOURNAL OF RESEARCH IN MUSIC EDUCATION,0022-4294,1945-0095,EDUCATION & EDUCATIONAL RESEARCH - SSCI,Q4,5
Journal of Agricultural Education & Extension,1389-224X,1750-8622,EDUCATION & EDUCATIONAL RESEARCH - SSCI,Q4,6
European Early Childhood Education Research Journal,1350-293X,1752-1807,EDUCATION & EDUCATIONAL RESEARCH - SSCI,Q4,7
Culture and Education,1135-6405,1578-4118,EDUCATION & EDUCATIONAL RESEARCH - SSCI,Q4,8
Cultural Studies of Science Education,1871-1502,1871-1510,EDUCATION & EDUCATIONAL RESEARCH - SSCI,Q4,9
JOURNAL OF ADOLESCENT & ADULT LITERACY,1081-3004,1936-2706,EDUCATION & EDUCATIONAL RESEARCH - SSCI,Q4,10
Journal of Beliefs & Values-Studies in Religion & Education,1361-7672,1469-9362,EDUCATION & EDUCATIONAL RESEARCH - SSCI,Q4,11
Research in Science & Technological Education,0263-5143,1470-1138,EDUCATION & EDUCATIONAL RESEARCH - SSCI,Q4,12
Vocations and Learning,1874-785X,1874-7868,EDUCATION & EDUCATIONAL RESEARCH - SSCI,Q4,13
English Teaching-Practice and Critique,1175-8708,1175-8708,EDUCATION & EDUCATIONAL RESEARCH - SSCI,Q4,14
Measurement in Physical Education and Exercise Science,1091-367X,1532-7841,EDUCATION & EDUCATIONAL RESEARCH - SSCI,Q4,15
Music Education Research,1461-3808,1469-9893,EDUCATION & EDUCATIONAL RESEARCH - SSCI,Q4,16
Ensenanza de Las Ciencias,0212-4521,2174-6486,EDUCATION & EDUCATIONAL RESEARCH - SSCI,Q4,17
Revista de Educacion,0034-8082,1988-592X,EDUCATION & EDUCATIONAL RESEARCH - SSCI,Q4,18
EDUCATIONAL STUDIES,0305-5698,1465-3400,EDUCATION & EDUCATIONAL RESEARCH - SSCI,Q4,19
Porta Linguarum,1697-7467,N/A,EDUCATION & EDUCATIONAL RESEARCH - SSCI,Q4,20
International Journal of Sustainability in Higher Education,1467-6370,1758-6739,EDUCATION & EDUCATIONAL RESEARCH - SSCI,Q4,21
TEACHING OF PSYCHOLOGY,0098-6283,1532-8023,EDUCATION & EDUCATIONAL RESEARCH - SSCI,Q4,22
Asia Pacific Journal of Education,0218-8791,1742-6855,EDUCATION & EDUCATIONAL RESEARCH - SSCI,Q4,23
JOURNAL OF SOCIAL WORK EDUCATION,1043-7797,2163-5811,EDUCATION & EDUCATIONAL RESEARCH - SSCI,Q4,24
English in Education,0425-0494,1754-8845,EDUCATION & EDUCATIONAL RESEARCH - SSCI,Q4,25
INTERNATIONAL JOURNAL OF TECHNOLOGY AND DESIGN EDUCATION,0957-7572,1573-1804,EDUCATION & EDUCATIONAL RESEARCH - SSCI,Q4,26
Early Years,0957-5146,1472-4421,EDUCATION & EDUCATIONAL RESEARCH - SSCI,Q4,27
JOURNAL OF GEOGRAPHY IN HIGHER EDUCATION,0309-8265,1466-1845,EDUCATION & EDUCATIONAL RESEARCH - SSCI,Q4,28
PAEDAGOGICA HISTORICA,0030-9230,1477-674X,EDUCATION & EDUCATIONAL RESEARCH - SSCI,Q4,29
Journal of Hospitality Leisure Sport & Tourism Education,1473-8376,N/A,EDUCATION & EDUCATIONAL RESEARCH - SSCI,Q4,30
Irish Educational Studies,0332-3315,1747-4965,EDUCATION & EDUCATIONAL RESEARCH - SSCI,Q4,31
Zeitschrift fur Erziehungswissenschaft,1434-663X,1862-5215,EDUCATION & EDUCATIONAL RESEARCH - SSCI,Q4,32
Journal of Psychologists and Counsellors in Schools,2055-6365,2055-6373,EDUCATION & EDUCATIONAL RESEARCH - SSCI,Q4,33
Revista Espanola de Pedagogia,0034-9461,2174-0909,EDUCATION & EDUCATIONAL RESEARCH - SSCI,Q4,34
International Journal for Educational and Vocational Guidance,1873-0388,1573-1782,EDUCATION & EDUCATIONAL RESEARCH - SSCI,Q4,35
JOURNAL OF PHILOSOPHY OF EDUCATION,0309-8249,1467-9752,EDUCATION & EDUCATIONAL RESEARCH - SSCI,Q4,36
Early Child Development and Care,0300-4430,1476-8275,EDUCATION & EDUCATIONAL RESEARCH - SSCI,Q4,37
HEALTH EDUCATION JOURNAL,0017-8969,1748-8176,EDUCATION & EDUCATIONAL RESEARCH - SSCI,Q4,38
Australasian Journal of Early Childhood,1836-9391,1839-5961,EDUCATION & EDUCATIONAL RESEARCH - SSCI,Q4,39
PHI DELTA KAPPAN,0031-7217,1940-6487,EDUCATION & EDUCATIONAL RESEARCH - SSCI,Q4,40
British Journal of Religious Education,0141-6200,1740-7931,EDUCATION & EDUCATIONAL RESEARCH - SSCI,Q4,41
International Journal of Music Education,0255-7614,1744-795X,EDUCATION & EDUCATIONAL RESEARCH - SSCI,Q4,42
Education as Change,1682-3206,1947-9417,EDUCATION & EDUCATIONAL RESEARCH - SSCI,Q4,43
South African Journal of Education,0256-0100,2076-3433,EDUCATION & EDUCATIONAL RESEARCH - SSCI,Q4,44
EDUCATIONAL GERONTOLOGY,0360-1277,1521-0472,EDUCATION & EDUCATIONAL RESEARCH - SSCI,Q4,45
British Journal of Music Education,0265-0517,1469-2104,EDUCATION & EDUCATIONAL RESEARCH - SSCI,Q4,46
TEACHING SOCIOLOGY,0092-055X,1939-862X,EDUCATION & EDUCATIONAL RESEARCH - SSCI,Q4,47
JOURNAL OF BIOLOGICAL EDUCATION,0021-9266,2157-6009,EDUCATION & EDUCATIONAL RESEARCH - SSCI,Q4,48
JOURNAL OF ECONOMIC EDUCATION,0022-0485,2152-4068,EDUCATION & EDUCATIONAL RESEARCH - SSCI,Q4,49
English in Australia,0046-208X,0155-2147,EDUCATION & EDUCATIONAL RESEARCH - SSCI,Q4,50
International Journal for Lesson and Learning Studies,2046-8253,2016-8261,EDUCATION & EDUCATIONAL RESEARCH - SSCI,Q4,51
International Review of Economics Education,1477-3880,2352-4421,EDUCATION & EDUCATIONAL RESEARCH - SSCI,Q4,52
Australian Journal of Adult Learning,1443-1394,N/A,EDUCATION & EDUCATIONAL RESEARCH - SSCI,Q4,53
Revista Latinoamericana de Investigacion en Matematica Educativa-RELIME,1665-2436,2007-6819,EDUCATION & EDUCATIONAL RESEARCH - SSCI,Q4,54
INTERNATIONAL JOURNAL OF ART & DESIGN EDUCATION,1476-8062,1476-8070,EDUCATION & EDUCATIONAL RESEARCH - SSCI,Q4,55
RIDE-The Journal of Applied Theatre and Performance,1356-9783,1470-112X,EDUCATION & EDUCATIONAL RESEARCH - SSCI,Q4,56
JOURNAL OF LEGAL EDUCATION,0022-2208,0022-2208,EDUCATION & EDUCATIONAL RESEARCH - SSCI,Q4,57
EDUCATIONAL LEADERSHIP,0013-1784,1943-5878,EDUCATION & EDUCATIONAL RESEARCH - SSCI,Q4,58
Egitim ve Bilim-Education and Science,1300-1337,1300-1337,EDUCATION & EDUCATIONAL RESEARCH - SSCI,Q4,59
Journal of Baltic Science Education,1648-3898,1648-3898,EDUCATION & EDUCATIONAL RESEARCH - SSCI,Q4,60
KEDI Journal of Educational Policy,1739-4341,1739-4341,EDUCATION & EDUCATIONAL RESEARCH - SSCI,Q4,61
ZEITSCHRIFT FUR PADAGOGIK,0044-3247,N/A,EDUCATION & EDUCATIONAL RESEARCH - SSCI,Q4,62
Movimento-Porto Alegre,0104-754X,1982-8918,EDUCATION & EDUCATIONAL RESEARCH - SSCI,Q4,63
Croatian Journal of Education-Hrvatski Casopis za Odgoj i obrazovanje,1848-5189,1848-5197,EDUCATION & EDUCATIONAL RESEARCH - SSCI,Q4,64
Curriculum Matters,1177-1828,N/A,EDUCATION & EDUCATIONAL RESEARCH - SSCI,Q4,65
Cadmo,1122-5165,1972-5019,EDUCATION & EDUCATIONAL RESEARCH - SSCI,Q4,66
Pedagogische Studien,0165-0645,0165-0645,EDUCATION & EDUCATIONAL RESEARCH - SSCI,Q4,67
Zeitschrift fur Soziologie der Erziehung und Sozialisation,1436-1957,1436-1957,EDUCATION & EDUCATIONAL RESEARCH - SSCI,Q4,68
npj Science of Learning,N/A,2056-7936,EDUCATION & EDUCATIONAL RESEARCH - SSCI,N/A,1
ACADEMIC MEDICINE,1040-2446,1938-808X,"EDUCATION, SCIENTIFIC DISCIPLINES - SCIE",Q1,1
MEDICAL EDUCATION,0308-0110,1365-2923,"EDUCATION, SCIENTIFIC DISCIPLINES - SCIE",Q1,2
Studies in Science Education,0305-7267,1940-8412,"EDUCATION, SCIENTIFIC DISCIPLINES - SCIE",Q1,3
International Journal of STEM Education,2196-7822,2196-7822,"EDUCATION, SCIENTIFIC DISCIPLINES - SCIE",Q1,4
Hematology-American Society of Hematology Education Program,1520-4391,1520-4383,"EDUCATION, SCIENTIFIC DISCIPLINES - SCIE",Q1,5
ADVANCES IN HEALTH SCIENCES EDUCATION,1382-4996,1573-1677,"EDUCATION, SCIENTIFIC DISCIPLINES - SCIE",Q1,6
MEDICAL TEACHER,0142-159X,1466-187X,"EDUCATION, SCIENTIFIC DISCIPLINES - SCIE",Q1,7
CBE-Life Sciences Education,1931-7913,1931-7913,"EDUCATION, SCIENTIFIC DISCIPLINES - SCIE",Q1,8
Perspectives on Medical Education,2212-2761,2212-277X,"EDUCATION, SCIENTIFIC DISCIPLINES - SCIE",Q1,9
JOURNAL OF ENGINEERING EDUCATION,1069-4730,2168-9830,"EDUCATION, SCIENTIFIC DISCIPLINES - SCIE",Q1,10
TEACHING AND LEARNING IN MEDICINE,1040-1334,1532-8015,"EDUCATION, SCIENTIFIC DISCIPLINES - SCIE",Q1,11
Journal of Surgical Education,1931-7204,1878-7452,"EDUCATION, SCIENTIFIC DISCIPLINES - SCIE",Q2,1
Anatomical Sciences Education,1935-9772,1935-9780,"EDUCATION, SCIENTIFIC DISCIPLINES - SCIE",Q2,2
Journal of Science Education and Technology,1059-0145,1573-1839,"EDUCATION, SCIENTIFIC DISCIPLINES - SCIE",Q2,3
BMC Medical Education,N/A,1472-6920,"EDUCATION, SCIENTIFIC DISCIPLINES - SCIE",Q2,4
NURSE EDUCATION TODAY,0260-6917,1532-2793,"EDUCATION, SCIENTIFIC DISCIPLINES - SCIE",Q2,5
JOURNAL OF CONTINUING EDUCATION IN THE HEALTH PROFESSIONS,0894-1912,1554-558X,"EDUCATION, SCIENTIFIC DISCIPLINES - SCIE",Q2,6
JOURNAL OF NUTRITION EDUCATION AND BEHAVIOR,1499-4046,1878-2620,"EDUCATION, SCIENTIFIC DISCIPLINES - SCIE",Q2,7
ADVANCES IN PHYSIOLOGY EDUCATION,1043-4046,1522-1229,"EDUCATION, SCIENTIFIC DISCIPLINES - SCIE",Q2,8
Physical Review Physics Education Research,2469-9896,2469-9896,"EDUCATION, SCIENTIFIC DISCIPLINES - SCIE",Q2,9
Chemistry Education Research and Practice,1109-4028,1756-1108,"EDUCATION, SCIENTIFIC DISCIPLINES - SCIE",Q2,10
JOURNAL OF SCHOOL HEALTH,0022-4391,1746-1561,"EDUCATION, SCIENTIFIC DISCIPLINES - SCIE",Q2,11
AMERICAN JOURNAL OF PHARMACEUTICAL EDUCATION,0002-9459,1553-6467,"EDUCATION, SCIENTIFIC DISCIPLINES - SCIE",Q3,1
ACM Transactions on Computing Education,1946-6226,1946-6226,"EDUCATION, SCIENTIFIC DISCIPLINES - SCIE",Q3,2
Engineering Studies,1937-8629,1940-8374,"EDUCATION, SCIENTIFIC DISCIPLINES - SCIE",Q3,3
JOURNAL OF CANCER EDUCATION,0885-8195,1543-0154,"EDUCATION, SCIENTIFIC DISCIPLINES - SCIE",Q3,4
IEEE TRANSACTIONS ON EDUCATION,0018-9359,1557-9638,"EDUCATION, SCIENTIFIC DISCIPLINES - SCIE",Q3,5
European Journal of Dental Education,1396-5883,1600-0579,"EDUCATION, SCIENTIFIC DISCIPLINES - SCIE",Q3,6
INTERNATIONAL JOURNAL OF TECHNOLOGY AND DESIGN EDUCATION,0957-7572,1573-1804,"EDUCATION, SCIENTIFIC DISCIPLINES - SCIE",Q3,7
BIOCHEMISTRY AND MOLECULAR BIOLOGY EDUCATION,1470-8175,1539-3429,"EDUCATION, SCIENTIFIC DISCIPLINES - SCIE",Q3,8
AMERICAN JOURNAL OF PHYSICS,0002-9505,1943-2909,"EDUCATION, SCIENTIFIC DISCIPLINES - SCIE",Q3,9
JOURNAL OF CHEMICAL EDUCATION,0021-9584,1938-1328,"EDUCATION, SCIENTIFIC DISCIPLINES - SCIE",Q3,10
JOURNAL OF BIOLOGICAL EDUCATION,0021-9266,2157-6009,"EDUCATION, SCIENTIFIC DISCIPLINES - SCIE",Q3,11
JOURNAL OF PROFESSIONAL ISSUES IN ENGINEERING EDUCATION AND PRACTICE,1052-3928,1943-5541,"EDUCATION, SCIENTIFIC DISCIPLINES - SCIE",Q4,1
Education for Chemical Engineers,N/A,1749-7728,"EDUCATION, SCIENTIFIC DISCIPLINES - SCIE",Q4,2
JOURNAL OF VETERINARY MEDICAL EDUCATION,0748-321X,1943-7218,"EDUCATION, SCIENTIFIC DISCIPLINES - SCIE",Q4,3
Journal of Civil Engineering Education,2643-9107,2643-9115,"EDUCATION, SCIENTIFIC DISCIPLINES - SCIE",Q4,4
COMPUTER APPLICATIONS IN ENGINEERING EDUCATION,1061-3773,1099-0542,"EDUCATION, SCIENTIFIC DISCIPLINES - SCIE",Q4,5
EUROPEAN JOURNAL OF PHYSICS,0143-0807,1361-6404,"EDUCATION, SCIENTIFIC DISCIPLINES - SCIE",Q4,6
PHYSICS TEACHER,0031-921X,1943-4928,"EDUCATION, SCIENTIFIC DISCIPLINES - SCIE",Q4,7
INTERNATIONAL JOURNAL OF ENGINEERING EDUCATION,0949-149X,0949-149X,"EDUCATION, SCIENTIFIC DISCIPLINES - SCIE",Q4,8
AMERICAN BIOLOGY TEACHER,0002-7685,1938-4211,"EDUCATION, SCIENTIFIC DISCIPLINES - SCIE",Q4,9
Indian Journal of Pharmaceutical Education and Research,0019-5464,0019-5464,"EDUCATION, SCIENTIFIC DISCIPLINES - SCIE",Q4,10
Journal of Materials Education,0738-7989,N/A,"EDUCATION, SCIENTIFIC DISCIPLINES - SCIE",Q4,11
EXCEPTIONAL CHILDREN,0014-4029,2163-5560,"EDUCATION, SPECIAL - SSCI",Q1,1
REMEDIAL AND SPECIAL EDUCATION,0741-9325,1538-4756,"EDUCATION, SPECIAL - SSCI",Q1,2
JOURNAL OF LEARNING DISABILITIES,0022-2194,1538-4780,"EDUCATION, SPECIAL - SSCI",Q1,3
Learning Disabilities Research & Practice,0938-8982,1540-5826,"EDUCATION, SPECIAL - SSCI",Q1,4
JOURNAL OF SPECIAL EDUCATION,0022-4669,1538-4764,"EDUCATION, SPECIAL - SSCI",Q1,5
JOURNAL OF POSITIVE BEHAVIOR INTERVENTIONS,1098-3007,1538-4772,"EDUCATION, SPECIAL - SSCI",Q1,6
BEHAVIORAL DISORDERS,0198-7429,2163-5307,"EDUCATION, SPECIAL - SSCI",Q1,7
Research in Autism Spectrum Disorders,1750-9467,1878-0237,"EDUCATION, SPECIAL - SSCI",Q1,8
Focus on Autism and Other Developmental Disabilities,1088-3576,1538-4829,"EDUCATION, SPECIAL - SSCI",Q1,9
RESEARCH AND PRACTICE FOR PERSONS WITH SEVERE DISABILITIES,1540-7969,2169-2408,"EDUCATION, SPECIAL - SSCI",Q1,10
JOURNAL OF INTELLECTUAL DISABILITY RESEARCH,0964-2633,1365-2788,"EDUCATION, SPECIAL - SSCI",Q1,11
Research in Developmental Disabilities,0891-4222,1873-3379,"EDUCATION, SPECIAL - SSCI",Q1,12
ANNALS OF DYSLEXIA,0736-9387,1934-7243,"EDUCATION, SPECIAL - SSCI",Q2,1
TOPICS IN EARLY CHILDHOOD SPECIAL EDUCATION,0271-1214,1538-4845,"EDUCATION, SPECIAL - SSCI",Q2,2
GIFTED CHILD QUARTERLY,0016-9862,1934-9041,"EDUCATION, SPECIAL - SSCI",Q2,3
AJIDD-American Journal on Intellectual and Developmental Disabilities,1944-7515,1944-7558,"EDUCATION, SPECIAL - SSCI",Q2,4
JOURNAL OF EARLY INTERVENTION,1053-8151,2154-3992,"EDUCATION, SPECIAL - SSCI",Q2,5
International Review of Research in Developmental Disabilities,2211-6095,N/A,"EDUCATION, SPECIAL - SSCI",Q2,6
Career Development and Transition for Exceptional Individuals,2165-1434,2165-1442,"EDUCATION, SPECIAL - SSCI",Q2,7
Intellectual and Developmental Disabilities,1934-9491,1934-9556,"EDUCATION, SPECIAL - SSCI",Q2,8
LEARNING DISABILITY QUARTERLY,0731-9487,2168-376X,"EDUCATION, SPECIAL - SSCI",Q2,9
JOURNAL OF EMOTIONAL AND BEHAVIORAL DISORDERS,1063-4266,1538-4799,"EDUCATION, SPECIAL - SSCI",Q2,10
DYSLEXIA,1076-9242,1099-0909,"EDUCATION, SPECIAL - SSCI",Q3,1
Journal of Deaf Studies and Deaf Education,1081-4159,1465-7325,"EDUCATION, SPECIAL - SSCI",Q3,2
Journal of Behavioral Education,1053-0819,1573-3513,"EDUCATION, SPECIAL - SSCI",Q3,3
Journal of Mental Health Research in Intellectual Disabilities,1931-5864,1931-5872,"EDUCATION, SPECIAL - SSCI",Q3,4
Reading & Writing Quarterly,1057-3569,1521-0693,"EDUCATION, SPECIAL - SSCI",Q3,5
European Journal of Special Needs Education,0885-6257,1469-591X,"EDUCATION, SPECIAL - SSCI",Q3,6
Exceptionality,0936-2835,1532-7035,"EDUCATION, SPECIAL - SSCI",Q3,7
JOURNAL OF INTELLECTUAL & DEVELOPMENTAL DISABILITY,1366-8250,1469-9532,"EDUCATION, SPECIAL - SSCI",Q3,8
Education and Training in Autism and Developmental Disabilities,2154-1647,N/A,"EDUCATION, SPECIAL - SSCI",Q3,9
HIGH ABILITY STUDIES,1359-8139,1469-834X,"EDUCATION, SPECIAL - SSCI",Q3,10
JOURNAL OF FLUENCY DISORDERS,0094-730X,1873-801X,"EDUCATION, SPECIAL - SSCI",Q3,11
Journal of Intellectual Disabilities,1744-6295,1744-6309,"EDUCATION, SPECIAL - SSCI",Q4,1
Journal of Special Education Technology,0162-6434,2381-3121,"EDUCATION, SPECIAL - SSCI",Q4,2
AMERICAN ANNALS OF THE DEAF,0002-726X,1543-0375,"EDUCATION, SPECIAL - SSCI",Q4,3
Education and Treatment of Children,0748-8491,1934-8924,"EDUCATION, SPECIAL - SSCI",Q4,4
International Journal of Developmental Disabilities,2047-3869,2047-3877,"EDUCATION, SPECIAL - SSCI",Q4,5
JOURNAL OF DEVELOPMENTAL AND PHYSICAL DISABILITIES,1056-263X,1573-3580,"EDUCATION, SPECIAL - SSCI",Q4,6
INTERVENTION IN SCHOOL AND CLINIC,1053-4512,1538-4810,"EDUCATION, SPECIAL - SSCI",Q4,7
Child Language Teaching & Therapy,0265-6590,1477-0865,"EDUCATION, SPECIAL - SSCI",Q4,8
International Journal of Disability Development and Education,1034-912X,1465-346X,"EDUCATION, SPECIAL - SSCI",Q4,9
Infants & Young Children,0896-3746,1550-5081,"EDUCATION, SPECIAL - SSCI",Q4,10
British Journal of Learning Disabilities,1354-4187,1468-3156,"EDUCATION, SPECIAL - SSCI",Q4,11
ACTA NUMERICA,0962-4929,1474-0508,MATHEMATICS - SCIE,Q1,1
Publications Mathematiques de l IHES,0073-8301,1618-1913,MATHEMATICS - SCIE,Q1,2
ANNALS OF MATHEMATICS,0003-486X,1939-8980,MATHEMATICS - SCIE,Q1,3
ACTA MATHEMATICA,0001-5962,1871-2509,MATHEMATICS - SCIE,Q1,4
JOURNAL OF THE AMERICAN MATHEMATICAL SOCIETY,0894-0347,1088-6834,MATHEMATICS - SCIE,Q1,5
INVENTIONES MATHEMATICAE,0020-9910,1432-1297,MATHEMATICS - SCIE,Q1,6
Forum of Mathematics Pi,2050-5086,2050-5086,MATHEMATICS - SCIE,Q1,7
Cambridge Journal of Mathematics,2168-0930,2168-0949,MATHEMATICS - SCIE,Q1,8
MEMOIRS OF THE AMERICAN MATHEMATICAL SOCIETY,0065-9266,1947-6221,MATHEMATICS - SCIE,Q1,9
DUKE MATHEMATICAL JOURNAL,0012-7094,1547-7398,MATHEMATICS - SCIE,Q1,10
COMMUNICATIONS ON PURE AND APPLIED MATHEMATICS,0010-3640,1097-0312,MATHEMATICS - SCIE,Q1,11
GEOMETRIC AND FUNCTIONAL ANALYSIS,1016-443X,1420-8970,MATHEMATICS - SCIE,Q1,12
JOURNAL OF DIFFERENTIAL GEOMETRY,0022-040X,1945-743X,MATHEMATICS - SCIE,Q1,13
ANNALES SCIENTIFIQUES DE L ECOLE NORMALE SUPERIEURE,0012-9593,1873-2151,MATHEMATICS - SCIE,Q1,14
JOURNAL OF THE EUROPEAN MATHEMATICAL SOCIETY,1435-9855,N/A,MATHEMATICS - SCIE,Q1,15
FOUNDATIONS OF COMPUTATIONAL MATHEMATICS,1615-3375,1615-3383,MATHEMATICS - SCIE,Q1,16
AMERICAN JOURNAL OF MATHEMATICS,0002-9327,1080-6377,MATHEMATICS - SCIE,Q1,17
GEOMETRY & TOPOLOGY,1465-3060,1364-0380,MATHEMATICS - SCIE,Q1,18
COMPOSITIO MATHEMATICA,0010-437X,1570-5846,MATHEMATICS - SCIE,Q1,19
JOURNAL FUR DIE REINE UND ANGEWANDTE MATHEMATIK,0075-4102,1435-5345,MATHEMATICS - SCIE,Q1,20
Analysis & PDE,1948-206X,N/A,MATHEMATICS - SCIE,Q1,21
BULLETIN OF THE AMERICAN MATHEMATICAL SOCIETY,0273-0979,1088-9485,MATHEMATICS - SCIE,Q1,22
Algebraic Geometry,2313-1691,2214-2584,MATHEMATICS - SCIE,Q1,23
JOURNAL OF ALGEBRAIC GEOMETRY,1056-3911,1534-7486,MATHEMATICS - SCIE,Q1,24
Journal of Topology,1753-8416,1753-8424,MATHEMATICS - SCIE,Q1,25
ADVANCES IN MATHEMATICS,0001-8708,1090-2082,MATHEMATICS - SCIE,Q1,26
Forum of Mathematics Sigma,N/A,2050-5094,MATHEMATICS - SCIE,Q1,27
JOURNAL DE MATHEMATIQUES PURES ET APPLIQUEES,0021-7824,1776-3371,MATHEMATICS - SCIE,Q1,28
Journal of the Institute of Mathematics of Jussieu,1474-7480,1475-3030,MATHEMATICS - SCIE,Q1,29
PROCEEDINGS OF THE LONDON MATHEMATICAL SOCIETY,0024-6115,1460-244X,MATHEMATICS - SCIE,Q1,30
Advances in Nonlinear Analysis,2191-9496,2191-950X,MATHEMATICS - SCIE,Q1,31
JOURNAL OF FUNCTIONAL ANALYSIS,0022-1236,1096-0783,MATHEMATICS - SCIE,Q1,32
ASTERISQUE,0303-1179,2492-5926,MATHEMATICS - SCIE,Q1,33
CALCULUS OF VARIATIONS AND PARTIAL DIFFERENTIAL EQUATIONS,0944-2669,1432-0835,MATHEMATICS - SCIE,Q1,34
Bulletin of Mathematical Sciences,1664-3607,1664-3615,MATHEMATICS - SCIE,Q1,35
COMMENTARII MATHEMATICI HELVETICI,0010-2571,1420-8946,MATHEMATICS - SCIE,Q1,36
Selecta Mathematica-New Series,1022-1824,1420-9020,MATHEMATICS - SCIE,Q1,37
MATHEMATISCHE ANNALEN,0025-5831,1432-1807,MATHEMATICS - SCIE,Q1,38
INTERNATIONAL MATHEMATICS RESEARCH NOTICES,1073-7928,1687-0247,MATHEMATICS - SCIE,Q1,39
Communications in Number Theory and Physics,1931-4523,1931-4531,MATHEMATICS - SCIE,Q1,40
Advances in Calculus of Variations,1864-8258,1864-8266,MATHEMATICS - SCIE,Q1,41
COMMUNICATIONS IN PARTIAL DIFFERENTIAL EQUATIONS,0360-5302,1532-4133,MATHEMATICS - SCIE,Q1,42
TRANSACTIONS OF THE AMERICAN MATHEMATICAL SOCIETY,0002-9947,1088-6850,MATHEMATICS - SCIE,Q1,43
COMBINATORICA,0209-9683,1439-6912,MATHEMATICS - SCIE,Q1,44
Journal of Mathematical Logic,0219-0613,1793-6691,MATHEMATICS - SCIE,Q1,45
ANNALES DE L INSTITUT FOURIER,0373-0956,1777-5310,MATHEMATICS - SCIE,Q1,46
Algebra & Number Theory,1937-0652,1944-7833,MATHEMATICS - SCIE,Q1,47
Journal of Differential Equations,0022-0396,1090-2732,MATHEMATICS - SCIE,Q1,48
JOURNAL OF COMBINATORIAL THEORY SERIES B,0095-8956,1096-0902,MATHEMATICS - SCIE,Q1,49
Journal of Combinatorial Algebra,2415-6302,2415-6310,MATHEMATICS - SCIE,Q1,50
COMMUNICATIONS IN ANALYSIS AND GEOMETRY,1019-8385,1944-9992,MATHEMATICS - SCIE,Q1,51
Dissertationes Mathematicae,0012-3862,1730-6310,MATHEMATICS - SCIE,Q1,52
REVISTA MATEMATICA IBEROAMERICANA,0213-2230,N/A,MATHEMATICS - SCIE,Q1,53
Communications in Mathematics and Statistics,2194-6701,2194-671X,MATHEMATICS - SCIE,Q1,54
Quantum Topology,1663-487X,1664-073X,MATHEMATICS - SCIE,Q1,55
Research in the Mathematical Sciences,2522-0144,2197-9847,MATHEMATICS - SCIE,Q1,56
RUSSIAN MATHEMATICAL SURVEYS,0036-0279,1468-4829,MATHEMATICS - SCIE,Q1,57
CANADIAN JOURNAL OF MATHEMATICS-JOURNAL CANADIEN DE MATHEMATIQUES,0008-414X,1496-4279,MATHEMATICS - SCIE,Q1,58
JOURNAL OF COMBINATORIAL THEORY SERIES A,0097-3165,1096-0899,MATHEMATICS - SCIE,Q1,59
Japanese Journal of Mathematics,0289-2316,1861-3624,MATHEMATICS - SCIE,Q1,60
COMBINATORICS PROBABILITY & COMPUTING,0963-5483,1469-2163,MATHEMATICS - SCIE,Q1,61
INDIANA UNIVERSITY MATHEMATICS JOURNAL,0022-2518,1943-5258,MATHEMATICS - SCIE,Q1,62
ANNALI DELLA SCUOLA NORMALE SUPERIORE DI PISA-CLASSE DI SCIENZE,0391-173X,2036-2145,MATHEMATICS - SCIE,Q1,63
JOURNAL OF THE LONDON MATHEMATICAL SOCIETY-SECOND SERIES,0024-6107,1469-7750,MATHEMATICS - SCIE,Q1,64
COMMUNICATIONS IN CONTEMPORARY MATHEMATICS,0219-1997,1793-6683,MATHEMATICS - SCIE,Q1,65
COMPUTATIONAL COMPLEXITY,1016-3328,1420-8954,MATHEMATICS - SCIE,Q1,66
PUBLICACIONS MATEMATIQUES,0214-1493,0214-1493,MATHEMATICS - SCIE,Q1,67
Analysis and Geometry in Metric Spaces,2299-3274,2299-3274,MATHEMATICS - SCIE,Q1,68
BULLETIN OF SYMBOLIC LOGIC,1079-8986,1943-5894,MATHEMATICS - SCIE,Q1,69
RANDOM STRUCTURES & ALGORITHMS,1042-9832,1098-2418,MATHEMATICS - SCIE,Q1,70
Journal of Numerical Mathematics,1570-2820,1569-3953,MATHEMATICS - SCIE,Q1,71
Documenta Mathematica,1431-0643,1431-0643,MATHEMATICS - SCIE,Q1,72
BULLETIN OF THE LONDON MATHEMATICAL SOCIETY,0024-6093,1469-2120,MATHEMATICS - SCIE,Q1,73
CONSTRUCTIVE APPROXIMATION,0176-4276,1432-0940,MATHEMATICS - SCIE,Q1,74
Analysis and Applications,0219-5305,1793-6861,MATHEMATICS - SCIE,Q1,75
Algebraic and Geometric Topology,1472-2739,1472-2739,MATHEMATICS - SCIE,Q1,76
MATHEMATICAL RESEARCH LETTERS,1073-2780,1945-001X,MATHEMATICS - SCIE,Q1,77
Journal of Spectral Theory,1664-039X,1664-0403,MATHEMATICS - SCIE,Q1,78
Review of Symbolic Logic,1755-0203,1755-0211,MATHEMATICS - SCIE,Q1,79
ISRAEL JOURNAL OF MATHEMATICS,0021-2172,1565-8511,MATHEMATICS - SCIE,Q1,80
NAGOYA MATHEMATICAL JOURNAL,0027-7630,2152-6842,MATHEMATICS - SCIE,Q1,81
MATHEMATISCHE ZEITSCHRIFT,0025-5874,1432-1823,MATHEMATICS - SCIE,Q1,82
NONLINEAR ANALYSIS-THEORY METHODS & APPLICATIONS,0362-546X,1873-5215,MATHEMATICS - SCIE,Q2,1
Milan Journal of Mathematics,1424-9286,1424-9294,MATHEMATICS - SCIE,Q2,2
ERGODIC THEORY AND DYNAMICAL SYSTEMS,0143-3857,1469-4417,MATHEMATICS - SCIE,Q2,3
JOURNAL D ANALYSE MATHEMATIQUE,0021-7670,1565-8538,MATHEMATICS - SCIE,Q2,4
Representation Theory,1088-4165,1088-4165,MATHEMATICS - SCIE,Q2,5
Fractional Calculus and Applied Analysis,1311-0454,1314-2224,MATHEMATICS - SCIE,Q2,6
Journal of Symplectic Geometry,1527-5256,1540-2347,MATHEMATICS - SCIE,Q2,7
Kinetic and Related Models,1937-5093,1937-5077,MATHEMATICS - SCIE,Q2,8
JOURNAL OF ALGEBRAIC COMBINATORICS,0925-9899,1572-9192,MATHEMATICS - SCIE,Q2,9
ADVANCED NONLINEAR STUDIES,1536-1365,2169-0375,MATHEMATICS - SCIE,Q2,10
Groups Geometry and Dynamics,1661-7207,1661-7215,MATHEMATICS - SCIE,Q2,11
FINITE FIELDS AND THEIR APPLICATIONS,1071-5797,1090-2465,MATHEMATICS - SCIE,Q2,12
BULLETIN DE LA SOCIETE MATHEMATIQUE DE FRANCE,0037-9484,2102-622X,MATHEMATICS - SCIE,Q2,13
JOURNAL OF GEOMETRIC ANALYSIS,1050-6926,1559-002X,MATHEMATICS - SCIE,Q2,14
DISCRETE AND CONTINUOUS DYNAMICAL SYSTEMS,1078-0947,1553-5231,MATHEMATICS - SCIE,Q2,15
EUROPEAN JOURNAL OF COMBINATORICS,0195-6698,1095-9971,MATHEMATICS - SCIE,Q2,16
JOURNAL OF GRAPH THEORY,0364-9024,1097-0118,MATHEMATICS - SCIE,Q2,17
Journal of Topology and Analysis,1793-5253,1793-7167,MATHEMATICS - SCIE,Q2,18
Journal of Modern Dynamics,1930-5311,1930-532X,MATHEMATICS - SCIE,Q2,19
Advances in Differential Equations,1079-9389,1079-9389,MATHEMATICS - SCIE,Q2,20
Journal of Dynamics and Differential Equations,1040-7294,1572-9222,MATHEMATICS - SCIE,Q2,21
NUMERICAL LINEAR ALGEBRA WITH APPLICATIONS,1070-5325,1099-1506,MATHEMATICS - SCIE,Q2,22
Kyoto Journal of Mathematics,2156-2261,2154-3321,MATHEMATICS - SCIE,Q2,23
MATHEMATICAL PROCEEDINGS OF THE CAMBRIDGE PHILOSOPHICAL SOCIETY,0305-0041,1469-8064,MATHEMATICS - SCIE,Q2,24
MATHEMATIKA,0025-5793,2041-7942,MATHEMATICS - SCIE,Q2,25
PROCEEDINGS OF THE ROYAL SOCIETY OF EDINBURGH SECTION A-MATHEMATICS,0308-2105,1473-7124,MATHEMATICS - SCIE,Q2,26
Journal of Noncommutative Geometry,1661-6952,1661-6960,MATHEMATICS - SCIE,Q2,27
IZVESTIYA MATHEMATICS,1064-5632,1468-4810,MATHEMATICS - SCIE,Q2,28
ANNALS OF GLOBAL ANALYSIS AND GEOMETRY,0232-704X,1572-9060,MATHEMATICS - SCIE,Q2,29
Differential and Integral Equations,0893-4983,0893-4983,MATHEMATICS - SCIE,Q2,30
JOURNAL OF EVOLUTION EQUATIONS,1424-3199,1424-3202,MATHEMATICS - SCIE,Q2,31
EXPOSITIONES MATHEMATICAE,0723-0869,1878-0792,MATHEMATICS - SCIE,Q2,32
Revista Matematica Complutense,1139-1138,1988-2807,MATHEMATICS - SCIE,Q2,33
INTERFACES AND FREE BOUNDARIES,1463-9963,1463-9971,MATHEMATICS - SCIE,Q2,34
FORUM MATHEMATICUM,0933-7741,1435-5337,MATHEMATICS - SCIE,Q2,35
CALCOLO,0008-0624,1126-5434,MATHEMATICS - SCIE,Q2,36
PROCEEDINGS OF THE AMERICAN MATHEMATICAL SOCIETY,0002-9939,1088-6826,MATHEMATICS - SCIE,Q2,37
MICHIGAN MATHEMATICAL JOURNAL,0026-2285,1945-2365,MATHEMATICS - SCIE,Q2,38
Moscow Mathematical Journal,1609-3321,1609-4514,MATHEMATICS - SCIE,Q2,39
ANNALI DI MATEMATICA PURA ED APPLICATA,0373-3114,1618-1891,MATHEMATICS - SCIE,Q2,40
EXPERIMENTAL MATHEMATICS,1058-6458,1944-950X,MATHEMATICS - SCIE,Q2,41
Science China-Mathematics,1674-7283,1869-1862,MATHEMATICS - SCIE,Q2,42
Collectanea Mathematica,0010-0757,2038-4815,MATHEMATICS - SCIE,Q2,43
JOURNAL OF COMPLEXITY,0885-064X,1090-2708,MATHEMATICS - SCIE,Q2,44
JOURNAL OF PURE AND APPLIED ALGEBRA,0022-4049,1873-1376,MATHEMATICS - SCIE,Q2,45
Pure and Applied Mathematics Quarterly,1558-8599,1558-8602,MATHEMATICS - SCIE,Q2,46
POTENTIAL ANALYSIS,0926-2601,1572-929X,MATHEMATICS - SCIE,Q2,47
STUDIA MATHEMATICA,0039-3223,1730-6337,MATHEMATICS - SCIE,Q2,48
Asian Journal of Mathematics,1093-6106,1945-0036,MATHEMATICS - SCIE,Q2,49
TRANSFORMATION GROUPS,1083-4362,1531-586X,MATHEMATICS - SCIE,Q2,50
DISCRETE & COMPUTATIONAL GEOMETRY,0179-5376,1432-0444,MATHEMATICS - SCIE,Q2,51
PACIFIC JOURNAL OF MATHEMATICS,0030-8730,1945-5844,MATHEMATICS - SCIE,Q2,52
QUARTERLY JOURNAL OF MATHEMATICS,0033-5606,1464-3847,MATHEMATICS - SCIE,Q2,53
PROCEEDINGS OF THE EDINBURGH MATHEMATICAL SOCIETY,0013-0915,1464-3839,MATHEMATICS - SCIE,Q2,54
JOURNAL OF THE MATHEMATICAL SOCIETY OF JAPAN,0025-5645,N/A,MATHEMATICS - SCIE,Q2,55
MATHEMATISCHE NACHRICHTEN,0025-584X,1522-2616,MATHEMATICS - SCIE,Q2,56
JOURNAL OF SYMBOLIC LOGIC,0022-4812,1943-5886,MATHEMATICS - SCIE,Q2,57
JOURNAL OF ALGEBRA,0021-8693,1090-266X,MATHEMATICS - SCIE,Q2,58
ANNALS OF PURE AND APPLIED LOGIC,0168-0072,1873-2461,MATHEMATICS - SCIE,Q2,59
JOURNAL OF APPROXIMATION THEORY,0021-9045,1096-0430,MATHEMATICS - SCIE,Q2,60
Journal of Fractal Geometry,2308-1309,2308-1317,MATHEMATICS - SCIE,Q2,61
PUBLICATIONS OF THE RESEARCH INSTITUTE FOR MATHEMATICAL SCIENCES,0034-5318,1663-4926,MATHEMATICS - SCIE,Q2,62
JOURNAL OF MATHEMATICAL ANALYSIS AND APPLICATIONS,0022-247X,1096-0813,MATHEMATICS - SCIE,Q2,63
SBORNIK MATHEMATICS,1064-5616,1468-4802,MATHEMATICS - SCIE,Q2,64
Journal of Fixed Point Theory and Applications,1661-7738,1661-7746,MATHEMATICS - SCIE,Q2,65
TOHOKU MATHEMATICAL JOURNAL,0040-8735,0040-8735,MATHEMATICS - SCIE,Q2,66
ELECTRONIC JOURNAL OF COMBINATORICS,1077-8926,1077-8926,MATHEMATICS - SCIE,Q2,67
JOURNAL OF OPERATOR THEORY,0379-4024,1841-7744,MATHEMATICS - SCIE,Q2,68
Mathematical Control and Related Fields,2156-8472,2156-8499,MATHEMATICS - SCIE,Q2,69
St Petersburg Mathematical Journal,1061-0022,1547-7371,MATHEMATICS - SCIE,Q2,70
Rendiconti Lincei-Matematica e Applicazioni,1120-6330,1720-0768,MATHEMATICS - SCIE,Q2,71
LINEAR ALGEBRA AND ITS APPLICATIONS,0024-3795,1873-1856,MATHEMATICS - SCIE,Q2,72
Results in Mathematics,1422-6383,1420-9012,MATHEMATICS - SCIE,Q2,73
ANNALES ACADEMIAE SCIENTIARUM FENNICAE-MATHEMATICA,1239-629X,1798-2383,MATHEMATICS - SCIE,Q2,74
DISCRETE MATHEMATICS,0012-365X,1872-681X,MATHEMATICS - SCIE,Q2,75
INTERNATIONAL JOURNAL OF MATHEMATICS,0129-167X,1793-6519,MATHEMATICS - SCIE,Q2,76
GEOMETRIAE DEDICATA,0046-5755,1572-9168,MATHEMATICS - SCIE,Q2,77
JOURNAL OF THE AUSTRALIAN MATHEMATICAL SOCIETY,1446-7887,1446-8107,MATHEMATICS - SCIE,Q2,78
Studia Logica,0039-3215,1572-8730,MATHEMATICS - SCIE,Q2,79
ZEITSCHRIFT FUR ANALYSIS UND IHRE ANWENDUNGEN,0232-2064,1661-4534,MATHEMATICS - SCIE,Q2,80
COMMUNICATIONS ON PURE AND APPLIED ANALYSIS,1534-0392,1553-5258,MATHEMATICS - SCIE,Q2,81
Homology Homotopy and Applications,1532-0073,1532-0081,MATHEMATICS - SCIE,Q2,82
ARS Mathematica Contemporanea,1855-3966,1855-3974,MATHEMATICS - SCIE,Q3,1
Theory and Applications of Categories,1201-561X,N/A,MATHEMATICS - SCIE,Q3,2
JOURNAL OF GROUP THEORY,1433-5883,1435-4446,MATHEMATICS - SCIE,Q3,3
ARKIV FOR MATEMATIK,0004-2080,1871-2487,MATHEMATICS - SCIE,Q3,4
MANUSCRIPTA MATHEMATICA,0025-2611,1432-1785,MATHEMATICS - SCIE,Q3,5
New York Journal of Mathematics,1076-9803,N/A,MATHEMATICS - SCIE,Q3,6
JOURNAL OF GEOMETRY AND PHYSICS,0393-0440,1879-1662,MATHEMATICS - SCIE,Q3,7
ALGEBRAS AND REPRESENTATION THEORY,1386-923X,1572-9079,MATHEMATICS - SCIE,Q3,8
Journal de Theorie des Nombres de Bordeaux,1246-7405,2118-8572,MATHEMATICS - SCIE,Q3,9
Revista de la Real Academia de Ciencias Exactas Fisicas y Naturales Serie A-Matematicas,1578-7303,1579-1505,MATHEMATICS - SCIE,Q3,10
APPLIED CATEGORICAL STRUCTURES,0927-2852,1572-9095,MATHEMATICS - SCIE,Q3,11
Applicable Analysis and Discrete Mathematics,1452-8630,1452-8630,MATHEMATICS - SCIE,Q3,12
MONATSHEFTE FUR MATHEMATIK,0026-9255,1436-5081,MATHEMATICS - SCIE,Q3,13
JOURNAL OF NUMBER THEORY,0022-314X,1096-1658,MATHEMATICS - SCIE,Q3,14
ADVANCES IN GEOMETRY,1615-715X,1615-7168,MATHEMATICS - SCIE,Q3,15
CANADIAN MATHEMATICAL BULLETIN-BULLETIN CANADIEN DE MATHEMATIQUES,0008-4395,1496-4287,MATHEMATICS - SCIE,Q3,16
COMPTES RENDUS MATHEMATIQUE,1631-073X,1778-3569,MATHEMATICS - SCIE,Q3,17
Analysis and Mathematical Physics,1664-2368,1664-235X,MATHEMATICS - SCIE,Q3,18
Banach Journal of Mathematical Analysis,2662-2033,1735-8787,MATHEMATICS - SCIE,Q3,19
LINEAR & MULTILINEAR ALGEBRA,0308-1087,1563-5139,MATHEMATICS - SCIE,Q3,20
INTERNATIONAL JOURNAL OF ALGEBRA AND COMPUTATION,0218-1967,1793-6500,MATHEMATICS - SCIE,Q3,21
Topological Methods in Nonlinear Analysis,1230-3429,1230-3429,MATHEMATICS - SCIE,Q3,22
Notre Dame Journal of Formal Logic,0029-4527,1939-0726,MATHEMATICS - SCIE,Q3,23
Evolution Equations and Control Theory,2163-2480,2163-2480,MATHEMATICS - SCIE,Q3,24
ACTA ARITHMETICA,0065-1036,1730-6264,MATHEMATICS - SCIE,Q3,25
INTEGRAL EQUATIONS AND OPERATOR THEORY,0378-620X,1420-8989,MATHEMATICS - SCIE,Q3,26
FUNDAMENTA MATHEMATICAE,0016-2736,1730-6329,MATHEMATICS - SCIE,Q3,27
Mediterranean Journal of Mathematics,1660-5446,1660-5454,MATHEMATICS - SCIE,Q3,28
Journal of Homotopy and Related Structures,2193-8407,1512-2891,MATHEMATICS - SCIE,Q3,29
INDAGATIONES MATHEMATICAE-NEW SERIES,0019-3577,1872-6100,MATHEMATICS - SCIE,Q3,30
International Journal of Number Theory,1793-0421,1793-7310,MATHEMATICS - SCIE,Q3,31
Electronic Journal of Linear Algebra,1537-9582,1081-3810,MATHEMATICS - SCIE,Q3,32
RAMANUJAN JOURNAL,1382-4090,1572-9303,MATHEMATICS - SCIE,Q3,33
GLASGOW MATHEMATICAL JOURNAL,0017-0895,1469-509X,MATHEMATICS - SCIE,Q3,34
JOURNAL OF COMPUTATIONAL MATHEMATICS,0254-9409,1991-7139,MATHEMATICS - SCIE,Q3,35
DISCRETE MATHEMATICS AND THEORETICAL COMPUTER SCIENCE,1462-7264,1365-8050,MATHEMATICS - SCIE,Q3,36
Computational Methods and Function Theory,1617-9447,2195-3724,MATHEMATICS - SCIE,Q3,37
Journal of Integral Equations and Applications,0897-3962,1938-2626,MATHEMATICS - SCIE,Q3,38
MATHEMATICAL INEQUALITIES & APPLICATIONS,1331-4343,1331-4343,MATHEMATICS - SCIE,Q3,39
POSITIVITY,1385-1292,1572-9281,MATHEMATICS - SCIE,Q3,40
MATHEMATICA SCANDINAVICA,0025-5521,1903-1807,MATHEMATICS - SCIE,Q3,41
Funkcialaj Ekvacioj-Serio Internacia,0532-8721,N/A,MATHEMATICS - SCIE,Q3,42
Algebra and Logic,0002-5232,1573-8302,MATHEMATICS - SCIE,Q3,43
JOURNAL OF COMBINATORIAL DESIGNS,1063-8539,1520-6610,MATHEMATICS - SCIE,Q3,44
AIMS Mathematics,N/A,2473-6988,MATHEMATICS - SCIE,Q3,45
Discussiones Mathematicae Graph Theory,1234-3099,2083-5892,MATHEMATICS - SCIE,Q3,46
Advances in Difference Equations,1687-1847,1687-1847,MATHEMATICS - SCIE,Q3,47
ARCHIVE FOR MATHEMATICAL LOGIC,0933-5846,1432-0665,MATHEMATICS - SCIE,Q3,48
ACTA MATHEMATICA HUNGARICA,0236-5294,1588-2632,MATHEMATICS - SCIE,Q3,49
ACTA MATHEMATICA SINICA-ENGLISH SERIES,1439-8516,1439-7617,MATHEMATICS - SCIE,Q3,50
JOURNAL OF CONVEX ANALYSIS,0944-6532,0944-6532,MATHEMATICS - SCIE,Q3,51
Journal of Mathematical Physics Analysis Geometry,1812-9471,1817-5805,MATHEMATICS - SCIE,Q3,52
JOURNAL OF LIE THEORY,0949-5932,0949-5932,MATHEMATICS - SCIE,Q3,53
BULLETIN OF THE AUSTRALIAN MATHEMATICAL SOCIETY,0004-9727,1755-1633,MATHEMATICS - SCIE,Q3,54
DIFFERENTIAL GEOMETRY AND ITS APPLICATIONS,0926-2245,1872-6984,MATHEMATICS - SCIE,Q3,55
International Journal of Numerical Analysis and Modeling,1705-5105,1705-5105,MATHEMATICS - SCIE,Q3,56
THEORY OF COMPUTING SYSTEMS,1432-4350,1433-0490,MATHEMATICS - SCIE,Q3,57
Electronic Research Archive,N/A,2688-1594,MATHEMATICS - SCIE,Q3,58
JOURNAL OF ALGEBRA AND ITS APPLICATIONS,0219-4988,1793-6829,MATHEMATICS - SCIE,Q3,59
Journal of Commutative Algebra,1939-0807,1939-2346,MATHEMATICS - SCIE,Q3,60
Journal of Nonlinear and Variational Analysis,2560-6921,2560-6778,MATHEMATICS - SCIE,Q3,61
Analysis Mathematica,0133-3852,1588-273X,MATHEMATICS - SCIE,Q3,62
Bulletin of the Malaysian Mathematical Sciences Society,0126-6705,2180-4206,MATHEMATICS - SCIE,Q3,63
Journal of Inverse and Ill-Posed Problems,0928-0219,1569-3945,MATHEMATICS - SCIE,Q3,64
BULLETIN OF THE BELGIAN MATHEMATICAL SOCIETY-SIMON STEVIN,1370-1444,2034-1970,MATHEMATICS - SCIE,Q3,65
Aequationes Mathematicae,0001-9054,1420-8903,MATHEMATICS - SCIE,Q3,66
Periodica Mathematica Hungarica,0031-5303,1588-2829,MATHEMATICS - SCIE,Q3,67
GRAPHS AND COMBINATORICS,0911-0119,1435-5914,MATHEMATICS - SCIE,Q3,68
Fixed Point Theory,1583-5022,2066-9208,MATHEMATICS - SCIE,Q3,69
SEMIGROUP FORUM,0037-1912,1432-2137,MATHEMATICS - SCIE,Q3,70
ORDER-A JOURNAL ON THE THEORY OF ORDERED SETS AND ITS APPLICATIONS,0167-8094,1572-9273,MATHEMATICS - SCIE,Q3,71
OSAKA JOURNAL OF MATHEMATICS,0030-6126,N/A,MATHEMATICS - SCIE,Q3,72
SIBERIAN MATHEMATICAL JOURNAL,0037-4466,1573-9260,MATHEMATICS - SCIE,Q3,73
Revista de la Union Matematica Argentina,0041-6932,1669-9637,MATHEMATICS - SCIE,Q3,74
ARCHIV DER MATHEMATIK,0003-889X,1420-8938,MATHEMATICS - SCIE,Q3,75
COLLOQUIUM MATHEMATICUM,0010-1354,1730-6302,MATHEMATICS - SCIE,Q3,76
AMERICAN MATHEMATICAL MONTHLY,0002-9890,1930-0972,MATHEMATICS - SCIE,Q3,77
PUBLICATIONES MATHEMATICAE-DEBRECEN,0033-3883,N/A,MATHEMATICS - SCIE,Q3,78
Journal of Mathematical Inequalities,1846-579X,1846-579X,MATHEMATICS - SCIE,Q3,79
Annals of Functional Analysis,2639-7390,2008-8752,MATHEMATICS - SCIE,Q3,80
Mathematics,N/A,2227-7390,MATHEMATICS - SCIE,Q3,81
TAIWANESE JOURNAL OF MATHEMATICS,1027-5487,2224-6851,MATHEMATICS - SCIE,Q3,82
INTEGRAL TRANSFORMS AND SPECIAL FUNCTIONS,1065-2469,1476-8291,MATHEMATICS - SCIE,Q4,1
MATHEMATICAL LOGIC QUARTERLY,0942-5616,1521-3870,MATHEMATICS - SCIE,Q4,2
ACTA MATHEMATICA SCIENTIA,0252-9602,1572-9087,MATHEMATICS - SCIE,Q4,3
BULLETIN OF THE BRAZILIAN MATHEMATICAL SOCIETY,1678-7544,1678-7714,MATHEMATICS - SCIE,Q4,4
JOURNAL OF INEQUALITIES AND APPLICATIONS,1029-242X,1029-242X,MATHEMATICS - SCIE,Q4,5
Complex Variables and Elliptic Equations,1747-6933,1747-6941,MATHEMATICS - SCIE,Q4,6
MATHEMATICAL NOTES,0001-4346,1573-8876,MATHEMATICS - SCIE,Q4,7
COMMUNICATIONS IN ALGEBRA,0092-7872,1532-4125,MATHEMATICS - SCIE,Q4,8
Journal of Applied Mathematics and Computing,1598-5865,1865-2085,MATHEMATICS - SCIE,Q4,9
Electronic Journal of Qualitative Theory of Differential Equations,1417-3875,1417-3875,MATHEMATICS - SCIE,Q4,10
Frontiers of Mathematics in China,1673-3452,1673-3576,MATHEMATICS - SCIE,Q4,11
RICERCHE DI MATEMATICA,0035-5038,1827-3491,MATHEMATICS - SCIE,Q4,12
CHINESE ANNALS OF MATHEMATICS SERIES B,0252-9599,1860-6261,MATHEMATICS - SCIE,Q4,13
Complex Analysis and Operator Theory,1661-8254,1661-8262,MATHEMATICS - SCIE,Q4,14
Journal of Pseudo-Differential Operators and Applications,1662-9981,1662-999X,MATHEMATICS - SCIE,Q4,15
TWMS Journal of Pure and Applied Mathematics,2076-2585,2219-1259,MATHEMATICS - SCIE,Q4,16
Operators and Matrices,1846-3886,1846-3886,MATHEMATICS - SCIE,Q4,17
FUNCTIONAL ANALYSIS AND ITS APPLICATIONS,0016-2663,1573-8485,MATHEMATICS - SCIE,Q4,18
HISTORIA MATHEMATICA,0315-0860,1090-249X,MATHEMATICS - SCIE,Q4,19
Portugaliae Mathematica,0032-5155,1662-2758,MATHEMATICS - SCIE,Q4,20
ROCKY MOUNTAIN JOURNAL OF MATHEMATICS,0035-7596,1945-3795,MATHEMATICS - SCIE,Q4,21
Mathematical Modelling and Analysis,1392-6292,1648-3510,MATHEMATICS - SCIE,Q4,22
Boundary Value Problems,1687-2770,1687-2770,MATHEMATICS - SCIE,Q4,23
ALGEBRA UNIVERSALIS,0002-5240,1420-8911,MATHEMATICS - SCIE,Q4,24
Demonstratio Mathematica,0420-1213,2391-4661,MATHEMATICS - SCIE,Q4,25
Reports on Mathematical Logic,0137-2904,0137-2904,MATHEMATICS - SCIE,Q4,26
JOURNAL OF KNOT THEORY AND ITS RAMIFICATIONS,0218-2165,1793-6527,MATHEMATICS - SCIE,Q4,27
LOGIC JOURNAL OF THE IGPL,1367-0751,1368-9894,MATHEMATICS - SCIE,Q4,28
Electronic Journal of Differential Equations,1072-6691,N/A,MATHEMATICS - SCIE,Q4,29
Numerical Mathematics-Theory Methods and Applications,1004-8979,2079-7338,MATHEMATICS - SCIE,Q4,30
HOUSTON JOURNAL OF MATHEMATICS,0362-1588,N/A,MATHEMATICS - SCIE,Q4,31
Quaestiones Mathematicae,1607-3606,1727-933X,MATHEMATICS - SCIE,Q4,32
Turkish Journal of Mathematics,1300-0098,1303-6149,MATHEMATICS - SCIE,Q4,33
JOURNAL OF THE KOREAN MATHEMATICAL SOCIETY,0304-9914,2234-3008,MATHEMATICS - SCIE,Q4,34
ABHANDLUNGEN AUS DEM MATHEMATISCHEN SEMINAR DER UNIVERSITAT HAMBURG,0025-5858,1865-8784,MATHEMATICS - SCIE,Q4,35
Contributions to Discrete Mathematics,1715-0868,1715-0868,MATHEMATICS - SCIE,Q4,36
LAW PROBABILITY & RISK,1470-8396,1470-840X,MATHEMATICS - SCIE,Q4,37
Iranian Journal of Fuzzy Systems,1735-0654,N/A,MATHEMATICS - SCIE,Q4,38
Mathematical Sciences,2008-1359,2251-7456,MATHEMATICS - SCIE,Q4,39
ALGEBRA COLLOQUIUM,1005-3867,0219-1733,MATHEMATICS - SCIE,Q4,40
Carpathian Journal of Mathematics,1584-2851,1843-4401,MATHEMATICS - SCIE,Q4,41
Mathematica Slovaca,0139-9918,1337-2211,MATHEMATICS - SCIE,Q4,42
Kyushu Journal of Mathematics,1340-6116,1883-2032,MATHEMATICS - SCIE,Q4,43
Qualitative Theory of Dynamical Systems,1575-5460,1662-3592,MATHEMATICS - SCIE,Q4,44
STUDIA SCIENTIARUM MATHEMATICARUM HUNGARICA,0081-6906,1588-2896,MATHEMATICS - SCIE,Q4,45
Mathematical Communications,1331-0623,1331-0623,MATHEMATICS - SCIE,Q4,46
Lithuanian Mathematical Journal,0363-1672,1573-8825,MATHEMATICS - SCIE,Q4,47
PROCEEDINGS OF THE INDIAN ACADEMY OF SCIENCES-MATHEMATICAL SCIENCES,0253-4142,0973-7685,MATHEMATICS - SCIE,Q4,48
Proceedings of the Steklov Institute of Mathematics,0081-5438,1531-8605,MATHEMATICS - SCIE,Q4,49
Open Mathematics,2391-5455,2391-5455,MATHEMATICS - SCIE,Q4,50
COMPUTATIONAL GEOMETRY-THEORY AND APPLICATIONS,0925-7721,1879-081X,MATHEMATICS - SCIE,Q4,51
Hacettepe Journal of Mathematics and Statistics,N/A,2651-477X,MATHEMATICS - SCIE,Q4,52
Filomat,0354-5180,0354-5180,MATHEMATICS - SCIE,Q4,53
Hokkaido Mathematical Journal,0385-4035,N/A,MATHEMATICS - SCIE,Q4,54
Glasnik Matematicki,0017-095X,1846-7989,MATHEMATICS - SCIE,Q4,55
Hiroshima Mathematical Journal,0018-2079,0018-2079,MATHEMATICS - SCIE,Q4,56
Journal of Mathematics,2314-4629,2314-4785,MATHEMATICS - SCIE,Q4,57
Georgian Mathematical Journal,1072-947X,1572-9176,MATHEMATICS - SCIE,Q4,58
TOPOLOGY AND ITS APPLICATIONS,0166-8641,1879-3207,MATHEMATICS - SCIE,Q4,59
INDIAN JOURNAL OF PURE & APPLIED MATHEMATICS,0019-5588,0975-7465,MATHEMATICS - SCIE,Q4,60
AKCE International Journal of Graphs and Combinatorics,0972-8600,2543-3474,MATHEMATICS - SCIE,Q4,61
Bulletin of the Iranian Mathematical Society,1017-060X,1735-8515,MATHEMATICS - SCIE,Q4,62
CZECHOSLOVAK MATHEMATICAL JOURNAL,0011-4642,1572-9141,MATHEMATICS - SCIE,Q4,63
Miskolc Mathematical Notes,1787-2405,1787-2413,MATHEMATICS - SCIE,Q4,64
Kodai Mathematical Journal,0386-5991,0386-5991,MATHEMATICS - SCIE,Q4,65
DIFFERENTIAL EQUATIONS,0012-2661,1608-3083,MATHEMATICS - SCIE,Q4,66
Journal of Function Spaces,2314-8896,2314-8888,MATHEMATICS - SCIE,Q4,67
Bulletin of the Korean Mathematical Society,1015-8634,1015-8634,MATHEMATICS - SCIE,Q4,68
Annales Polonici Mathematici,0066-2216,1730-6272,MATHEMATICS - SCIE,Q4,69
Tokyo Journal of Mathematics,0387-3870,N/A,MATHEMATICS - SCIE,Q4,70
PROCEEDINGS OF THE JAPAN ACADEMY SERIES A-MATHEMATICAL SCIENCES,0386-2194,N/A,MATHEMATICS - SCIE,Q4,71
Journal of Nonlinear and Convex Analysis,1345-4773,1880-5221,MATHEMATICS - SCIE,Q4,72
RENDICONTI DEL SEMINARIO MATEMATICO DELLA UNIVERSITA DI PADOVA,0041-8994,2240-2926,MATHEMATICS - SCIE,Q4,73
DOKLADY MATHEMATICS,1064-5624,1531-8362,MATHEMATICS - SCIE,Q4,74
MATHEMATICAL INTELLIGENCER,0343-6993,1866-7414,MATHEMATICS - SCIE,Q4,75
Analele Stiintifice ale Universitatii Ovidius Constanta-Seria Matematica,1224-1784,1844-0835,MATHEMATICS - SCIE,Q4,76
Bulletin Mathematique de la Societe des Sciences Mathematiques de Roumanie,1220-3874,2065-0264,MATHEMATICS - SCIE,Q4,77
Journal of the Ramanujan Mathematical Society,0970-1249,2320-3110,MATHEMATICS - SCIE,Q4,78
Ukrainian Mathematical Journal,0041-5995,1573-9376,MATHEMATICS - SCIE,Q4,79
Mathematical Reports,1582-3067,1582-3067,MATHEMATICS - SCIE,Q4,80
Journal of Contemporary Mathematical Analysis-Armenian Academy of Sciences,1068-3623,1934-9416,MATHEMATICS - SCIE,Q4,81
ARS COMBINATORIA,0381-7032,N/A,MATHEMATICS - SCIE,Q4,82
Annals of PDE,2524-5317,2199-2576,MATHEMATICS - SCIE,N/A,1
Discrete Analysis,N/A,2397-3129,MATHEMATICS - SCIE,N/A,2
Electronic Research Announcements in Mathematical Sciences,N/A,1935-9179,MATHEMATICS - SCIE,N/A,3
Journal de l Ecole Polytechnique-Mathematiques,2429-7100,2270-518X,MATHEMATICS - SCIE,N/A,4
Lecture Notes in Mathematics,0075-8434,1617-9692,MATHEMATICS - SCIE,N/A,5
SIAM REVIEW,0036-1445,1095-7200,"MATHEMATICS, APPLIED - SCIE",Q1,1
Forum of Mathematics Pi,2050-5086,2050-5086,"MATHEMATICS, APPLIED - SCIE",Q1,2
COMMUNICATIONS ON PURE AND APPLIED MATHEMATICS,0010-3640,1097-0312,"MATHEMATICS, APPLIED - SCIE",Q1,3
JOURNAL OF THE EUROPEAN MATHEMATICAL SOCIETY,1435-9855,N/A,"MATHEMATICS, APPLIED - SCIE",Q1,4
Mathematical Programming Computation,1867-2949,1867-2957,"MATHEMATICS, APPLIED - SCIE",Q1,5
FOUNDATIONS OF COMPUTATIONAL MATHEMATICS,1615-3375,1615-3383,"MATHEMATICS, APPLIED - SCIE",Q1,6
MATHEMATICAL PROGRAMMING,0025-5610,1436-4646,"MATHEMATICS, APPLIED - SCIE",Q1,7
SIAM JOURNAL ON OPTIMIZATION,1052-6234,1095-7189,"MATHEMATICS, APPLIED - SCIE",Q1,8
SIAM Journal on Mathematics of Data Science,N/A,2577-0187,"MATHEMATICS, APPLIED - SCIE",Q1,9
Information and Inference-A Journal of the IMA,2049-8764,2049-8772,"MATHEMATICS, APPLIED - SCIE",Q1,10
Analysis & PDE,1948-206X,N/A,"MATHEMATICS, APPLIED - SCIE",Q1,11
ARCHIVE FOR RATIONAL MECHANICS AND ANALYSIS,0003-9527,1432-0673,"MATHEMATICS, APPLIED - SCIE",Q1,12
ANNALES DE L INSTITUT HENRI POINCARE-ANALYSE NON LINEAIRE,0294-1449,1873-1430,"MATHEMATICS, APPLIED - SCIE",Q1,13
MATHEMATICAL MODELS & METHODS IN APPLIED SCIENCES,0218-2025,1793-6314,"MATHEMATICS, APPLIED - SCIE",Q1,14
MATHEMATICS OF OPERATIONS RESEARCH,0364-765X,1526-5471,"MATHEMATICS, APPLIED - SCIE",Q1,15
Forum of Mathematics Sigma,N/A,2050-5094,"MATHEMATICS, APPLIED - SCIE",Q1,16
JOURNAL DE MATHEMATIQUES PURES ET APPLIQUEES,0021-7824,1776-3371,"MATHEMATICS, APPLIED - SCIE",Q1,17
SIAM JOURNAL ON NUMERICAL ANALYSIS,0036-1429,1095-7170,"MATHEMATICS, APPLIED - SCIE",Q1,18
Advances in Nonlinear Analysis,2191-9496,2191-950X,"MATHEMATICS, APPLIED - SCIE",Q1,19
APPLIED AND COMPUTATIONAL HARMONIC ANALYSIS,1063-5203,1096-603X,"MATHEMATICS, APPLIED - SCIE",Q1,20
CALCULUS OF VARIATIONS AND PARTIAL DIFFERENTIAL EQUATIONS,0944-2669,1432-0835,"MATHEMATICS, APPLIED - SCIE",Q1,21
SIAM JOURNAL ON COMPUTING,0097-5397,1095-7111,"MATHEMATICS, APPLIED - SCIE",Q1,22
Selecta Mathematica-New Series,1022-1824,1420-9020,"MATHEMATICS, APPLIED - SCIE",Q1,23
Communications in Number Theory and Physics,1931-4523,1931-4531,"MATHEMATICS, APPLIED - SCIE",Q1,24
SIAM Journal on Applied Algebra and Geometry,2470-6566,2470-6566,"MATHEMATICS, APPLIED - SCIE",Q1,25
NUMERISCHE MATHEMATIK,0029-599X,0945-3245,"MATHEMATICS, APPLIED - SCIE",Q1,26
Advances in Calculus of Variations,1864-8258,1864-8266,"MATHEMATICS, APPLIED - SCIE",Q1,27
SIAM JOURNAL ON MATHEMATICAL ANALYSIS,0036-1410,1095-7154,"MATHEMATICS, APPLIED - SCIE",Q1,28
COMMUNICATIONS IN PARTIAL DIFFERENTIAL EQUATIONS,0360-5302,1532-4133,"MATHEMATICS, APPLIED - SCIE",Q1,29
MATHEMATICS OF COMPUTATION,0025-5718,1088-6842,"MATHEMATICS, APPLIED - SCIE",Q1,30
IMA JOURNAL OF NUMERICAL ANALYSIS,0272-4979,1464-3642,"MATHEMATICS, APPLIED - SCIE",Q1,31
SIAM JOURNAL ON SCIENTIFIC COMPUTING,1064-8275,1095-7197,"MATHEMATICS, APPLIED - SCIE",Q1,32
JOURNAL OF NONLINEAR SCIENCE,0938-8974,1432-1467,"MATHEMATICS, APPLIED - SCIE",Q1,33
SIAM Journal on Imaging Sciences,1936-4954,N/A,"MATHEMATICS, APPLIED - SCIE",Q1,34
SIAM JOURNAL ON CONTROL AND OPTIMIZATION,0363-0129,1095-7138,"MATHEMATICS, APPLIED - SCIE",Q1,35
SIAM JOURNAL ON MATRIX ANALYSIS AND APPLICATIONS,0895-4798,1095-7162,"MATHEMATICS, APPLIED - SCIE",Q1,36
NONLINEARITY,0951-7715,1361-6544,"MATHEMATICS, APPLIED - SCIE",Q1,37
Stochastics and Partial Differential Equations-Analysis and Computations,2194-0401,2194-041X,"MATHEMATICS, APPLIED - SCIE",Q1,38
COMMUNICATIONS IN CONTEMPORARY MATHEMATICS,0219-1997,1793-6683,"MATHEMATICS, APPLIED - SCIE",Q1,39
RANDOM STRUCTURES & ALGORITHMS,1042-9832,1098-2418,"MATHEMATICS, APPLIED - SCIE",Q1,40
Journal of Numerical Mathematics,1570-2820,1569-3953,"MATHEMATICS, APPLIED - SCIE",Q1,41
SIAM JOURNAL ON APPLIED DYNAMICAL SYSTEMS,1536-0040,N/A,"MATHEMATICS, APPLIED - SCIE",Q1,42
JOURNAL OF SCIENTIFIC COMPUTING,0885-7474,1573-7691,"MATHEMATICS, APPLIED - SCIE",Q1,43
Analysis and Applications,0219-5305,1793-6861,"MATHEMATICS, APPLIED - SCIE",Q1,44
Nonlinear Analysis-Hybrid Systems,1751-570X,1878-7460,"MATHEMATICS, APPLIED - SCIE",Q1,45
ACM TRANSACTIONS ON MATHEMATICAL SOFTWARE,0098-3500,1557-7295,"MATHEMATICS, APPLIED - SCIE",Q1,46
Journal of Spectral Theory,1664-039X,1664-0403,"MATHEMATICS, APPLIED - SCIE",Q1,47
ESAIM-Mathematical Modelling and Numerical Analysis,2822-7840,2804-7214,"MATHEMATICS, APPLIED - SCIE",Q1,48
APPLIED MATHEMATICS AND OPTIMIZATION,0095-4616,1432-0606,"MATHEMATICS, APPLIED - SCIE",Q1,49
Review of Symbolic Logic,1755-0203,1755-0211,"MATHEMATICS, APPLIED - SCIE",Q1,50
COMPUTATIONAL OPTIMIZATION AND APPLICATIONS,0926-6003,1573-2894,"MATHEMATICS, APPLIED - SCIE",Q1,51
NONLINEAR ANALYSIS-THEORY METHODS & APPLICATIONS,0362-546X,1873-5215,"MATHEMATICS, APPLIED - SCIE",Q1,52
Milan Journal of Mathematics,1424-9286,1424-9294,"MATHEMATICS, APPLIED - SCIE",Q1,53
ERGODIC THEORY AND DYNAMICAL SYSTEMS,0143-3857,1469-4417,"MATHEMATICS, APPLIED - SCIE",Q1,54
Fractional Calculus and Applied Analysis,1311-0454,1314-2224,"MATHEMATICS, APPLIED - SCIE",Q1,55
STUDIES IN APPLIED MATHEMATICS,0022-2526,1467-9590,"MATHEMATICS, APPLIED - SCIE",Q1,56
INVERSE PROBLEMS,0266-5611,1361-6420,"MATHEMATICS, APPLIED - SCIE",Q1,57
SIAM JOURNAL ON APPLIED MATHEMATICS,0036-1399,1095-712X,"MATHEMATICS, APPLIED - SCIE",Q1,58
ESAIM-CONTROL OPTIMISATION AND CALCULUS OF VARIATIONS,1292-8119,1262-3377,"MATHEMATICS, APPLIED - SCIE",Q1,59
ACM Transactions on Algorithms,1549-6325,1549-6333,"MATHEMATICS, APPLIED - SCIE",Q1,60
SIAM JOURNAL ON DISCRETE MATHEMATICS,0895-4801,1095-7146,"MATHEMATICS, APPLIED - SCIE",Q1,61
Kinetic and Related Models,1937-5093,1937-5077,"MATHEMATICS, APPLIED - SCIE",Q1,62
DESIGNS CODES AND CRYPTOGRAPHY,0925-1022,1573-7586,"MATHEMATICS, APPLIED - SCIE",Q1,63
NONLINEAR ANALYSIS-REAL WORLD APPLICATIONS,1468-1218,1878-5719,"MATHEMATICS, APPLIED - SCIE",Q1,64
ADVANCED NONLINEAR STUDIES,1536-1365,2169-0375,"MATHEMATICS, APPLIED - SCIE",Q1,65
FINITE FIELDS AND THEIR APPLICATIONS,1071-5797,1090-2465,"MATHEMATICS, APPLIED - SCIE",Q1,66
PHYSICA D-NONLINEAR PHENOMENA,0167-2789,1872-8022,"MATHEMATICS, APPLIED - SCIE",Q2,1
NODEA-NONLINEAR DIFFERENTIAL EQUATIONS AND APPLICATIONS,1021-9722,1420-9004,"MATHEMATICS, APPLIED - SCIE",Q2,2
DISCRETE AND CONTINUOUS DYNAMICAL SYSTEMS,1078-0947,1553-5231,"MATHEMATICS, APPLIED - SCIE",Q2,3
INTERNATIONAL JOURNAL OF ROBUST AND NONLINEAR CONTROL,1049-8923,1099-1239,"MATHEMATICS, APPLIED - SCIE",Q2,4
JOURNAL OF FOURIER ANALYSIS AND APPLICATIONS,1069-5869,1531-5851,"MATHEMATICS, APPLIED - SCIE",Q2,5
OPTIMIZATION METHODS & SOFTWARE,1055-6788,1029-4937,"MATHEMATICS, APPLIED - SCIE",Q2,6
Journal of Modern Dynamics,1930-5311,1930-532X,"MATHEMATICS, APPLIED - SCIE",Q2,7
JOURNAL OF OPTIMIZATION THEORY AND APPLICATIONS,0022-3239,1573-2878,"MATHEMATICS, APPLIED - SCIE",Q2,8
Advances in Differential Equations,1079-9389,1079-9389,"MATHEMATICS, APPLIED - SCIE",Q2,9
Journal of Dynamics and Differential Equations,1040-7294,1572-9222,"MATHEMATICS, APPLIED - SCIE",Q2,10
NUMERICAL LINEAR ALGEBRA WITH APPLICATIONS,1070-5325,1099-1506,"MATHEMATICS, APPLIED - SCIE",Q2,11
ADVANCES IN COMPUTATIONAL MATHEMATICS,1019-7168,1572-9044,"MATHEMATICS, APPLIED - SCIE",Q2,12
MATHEMATIKA,0025-5793,2041-7942,"MATHEMATICS, APPLIED - SCIE",Q2,13
PROCEEDINGS OF THE ROYAL SOCIETY OF EDINBURGH SECTION A-MATHEMATICS,0308-2105,1473-7124,"MATHEMATICS, APPLIED - SCIE",Q2,14
Applied Mathematics Letters,0893-9659,1873-5452,"MATHEMATICS, APPLIED - SCIE",Q2,15
Journal of Noncommutative Geometry,1661-6952,1661-6960,"MATHEMATICS, APPLIED - SCIE",Q2,16
Communications in Mathematical Sciences,1539-6746,1539-6746,"MATHEMATICS, APPLIED - SCIE",Q2,17
Journal of Mathematical Fluid Mechanics,1422-6928,1422-6952,"MATHEMATICS, APPLIED - SCIE",Q2,18
Differential and Integral Equations,0893-4983,0893-4983,"MATHEMATICS, APPLIED - SCIE",Q2,19
JOURNAL OF EVOLUTION EQUATIONS,1424-3199,1424-3202,"MATHEMATICS, APPLIED - SCIE",Q2,20
Communications in Nonlinear Science and Numerical Simulation,1007-5704,1878-7274,"MATHEMATICS, APPLIED - SCIE",Q2,21
Revista Matematica Complutense,1139-1138,1988-2807,"MATHEMATICS, APPLIED - SCIE",Q2,22
APPLIED MATHEMATICS AND COMPUTATION,0096-3003,1873-5649,"MATHEMATICS, APPLIED - SCIE",Q2,23
ADVANCES IN APPLIED MATHEMATICS,0196-8858,1090-2074,"MATHEMATICS, APPLIED - SCIE",Q2,24
Set-Valued and Variational Analysis,1877-0533,1877-0541,"MATHEMATICS, APPLIED - SCIE",Q2,25
INTERFACES AND FREE BOUNDARIES,1463-9963,1463-9971,"MATHEMATICS, APPLIED - SCIE",Q2,26
Communications in Applied Mathematics and Computational Science,1559-3940,2157-5452,"MATHEMATICS, APPLIED - SCIE",Q2,27
FORUM MATHEMATICUM,0933-7741,1435-5337,"MATHEMATICS, APPLIED - SCIE",Q2,28
CALCOLO,0008-0624,1126-5434,"MATHEMATICS, APPLIED - SCIE",Q2,29
PROCEEDINGS OF THE AMERICAN MATHEMATICAL SOCIETY,0002-9939,1088-6826,"MATHEMATICS, APPLIED - SCIE",Q2,30
Cryptography and Communications-Discrete-Structures Boolean Functions and Sequences,1936-2447,1936-2455,"MATHEMATICS, APPLIED - SCIE",Q2,31
Moscow Mathematical Journal,1609-3321,1609-4514,"MATHEMATICS, APPLIED - SCIE",Q2,32
ZEITSCHRIFT FUR ANGEWANDTE MATHEMATIK UND PHYSIK,0044-2275,1420-9039,"MATHEMATICS, APPLIED - SCIE",Q2,33
BIT NUMERICAL MATHEMATICS,0006-3835,1572-9125,"MATHEMATICS, APPLIED - SCIE",Q2,34
CHAOS,1054-1500,1089-7682,"MATHEMATICS, APPLIED - SCIE",Q2,35
COMPUTERS & MATHEMATICS WITH APPLICATIONS,0898-1221,1873-7668,"MATHEMATICS, APPLIED - SCIE",Q2,36
ANNALI DI MATEMATICA PURA ED APPLICATA,0373-3114,1618-1891,"MATHEMATICS, APPLIED - SCIE",Q2,37
JOURNAL OF GLOBAL OPTIMIZATION,0925-5001,1573-2916,"MATHEMATICS, APPLIED - SCIE",Q2,38
Science China-Mathematics,1674-7283,1869-1862,"MATHEMATICS, APPLIED - SCIE",Q2,39
Collectanea Mathematica,0010-0757,2038-4815,"MATHEMATICS, APPLIED - SCIE",Q2,40
JOURNAL OF COMPLEXITY,0885-064X,1090-2708,"MATHEMATICS, APPLIED - SCIE",Q2,41
JOURNAL OF PURE AND APPLIED ALGEBRA,0022-4049,1873-1376,"MATHEMATICS, APPLIED - SCIE",Q2,42
Pure and Applied Mathematics Quarterly,1558-8599,1558-8602,"MATHEMATICS, APPLIED - SCIE",Q2,43
Discrete Optimization,1572-5286,1873-636X,"MATHEMATICS, APPLIED - SCIE",Q2,44
Annals of Combinatorics,0218-0006,0219-3094,"MATHEMATICS, APPLIED - SCIE",Q2,45
NUMERICAL ALGORITHMS,1017-1398,1572-9265,"MATHEMATICS, APPLIED - SCIE",Q2,46
Asian Journal of Mathematics,1093-6106,1945-0036,"MATHEMATICS, APPLIED - SCIE",Q2,47
MATHEMATICAL METHODS OF OPERATIONS RESEARCH,1432-2994,1432-5217,"MATHEMATICS, APPLIED - SCIE",Q2,48
MATHEMATICAL PHYSICS ANALYSIS AND GEOMETRY,1385-0172,1572-9656,"MATHEMATICS, APPLIED - SCIE",Q2,49
OPTIMIZATION,0233-1934,1029-4945,"MATHEMATICS, APPLIED - SCIE",Q2,50
ANNALS OF PURE AND APPLIED LOGIC,0168-0072,1873-2461,"MATHEMATICS, APPLIED - SCIE",Q2,51
Applied Numerical Mathematics,0168-9274,1873-5460,"MATHEMATICS, APPLIED - SCIE",Q2,52
Computational Methods in Applied Mathematics,1609-4840,1609-9389,"MATHEMATICS, APPLIED - SCIE",Q2,53
Inverse Problems and Imaging,1930-8337,1930-8345,"MATHEMATICS, APPLIED - SCIE",Q2,54
FINITE ELEMENTS IN ANALYSIS AND DESIGN,0168-874X,1872-6925,"MATHEMATICS, APPLIED - SCIE",Q2,55
EUROPEAN JOURNAL OF APPLIED MATHEMATICS,0956-7925,1469-4425,"MATHEMATICS, APPLIED - SCIE",Q2,56
FUZZY SETS AND SYSTEMS,0165-0114,1872-6801,"MATHEMATICS, APPLIED - SCIE",Q2,57
JOURNAL OF MATHEMATICAL ANALYSIS AND APPLICATIONS,0022-247X,1096-0813,"MATHEMATICS, APPLIED - SCIE",Q2,58
BULLETIN DES SCIENCES MATHEMATIQUES,0007-4497,1952-4773,"MATHEMATICS, APPLIED - SCIE",Q2,59
Dynamics of Partial Differential Equations,1548-159X,1548-159X,"MATHEMATICS, APPLIED - SCIE",Q2,60
Journal of Fixed Point Theory and Applications,1661-7738,1661-7746,"MATHEMATICS, APPLIED - SCIE",Q2,61
ELECTRONIC JOURNAL OF COMBINATORICS,1077-8926,1077-8926,"MATHEMATICS, APPLIED - SCIE",Q2,62
Mathematical Control and Related Fields,2156-8472,2156-8499,"MATHEMATICS, APPLIED - SCIE",Q2,63
Rendiconti Lincei-Matematica e Applicazioni,1120-6330,1720-0768,"MATHEMATICS, APPLIED - SCIE",Q2,64
LINEAR ALGEBRA AND ITS APPLICATIONS,0024-3795,1873-1856,"MATHEMATICS, APPLIED - SCIE",Q2,65
DISCRETE EVENT DYNAMIC SYSTEMS-THEORY AND APPLICATIONS,0924-6703,1573-7594,"MATHEMATICS, APPLIED - SCIE",Q2,66
Results in Mathematics,1422-6383,1420-9012,"MATHEMATICS, APPLIED - SCIE",Q2,67
Journal of Hyperbolic Differential Equations,0219-8916,1793-6993,"MATHEMATICS, APPLIED - SCIE",Q3,1
JOURNAL OF COMPUTATIONAL AND APPLIED MATHEMATICS,0377-0427,1879-1778,"MATHEMATICS, APPLIED - SCIE",Q3,2
NUMERICAL METHODS FOR PARTIAL DIFFERENTIAL EQUATIONS,0749-159X,1098-2426,"MATHEMATICS, APPLIED - SCIE",Q3,3
ZEITSCHRIFT FUR ANALYSIS UND IHRE ANWENDUNGEN,0232-2064,1661-4534,"MATHEMATICS, APPLIED - SCIE",Q3,4
Applied and Computational Mathematics,1683-3511,1683-6154,"MATHEMATICS, APPLIED - SCIE",Q3,5
COMMUNICATIONS ON PURE AND APPLIED ANALYSIS,1534-0392,1553-5258,"MATHEMATICS, APPLIED - SCIE",Q3,6
Advances in Mathematics of Communications,1930-5346,1930-5338,"MATHEMATICS, APPLIED - SCIE",Q3,7
Homology Homotopy and Applications,1532-0073,1532-0081,"MATHEMATICS, APPLIED - SCIE",Q3,8
ARS Mathematica Contemporanea,1855-3966,1855-3974,"MATHEMATICS, APPLIED - SCIE",Q3,9
Theory and Applications of Categories,1201-561X,N/A,"MATHEMATICS, APPLIED - SCIE",Q3,10
JOURNAL OF MATHEMATICAL IMAGING AND VISION,0924-9907,1573-7683,"MATHEMATICS, APPLIED - SCIE",Q3,11
JOURNAL OF SYMBOLIC COMPUTATION,0747-7171,1095-855X,"MATHEMATICS, APPLIED - SCIE",Q3,12
Optimization Letters,1862-4472,1862-4480,"MATHEMATICS, APPLIED - SCIE",Q3,13
ALGORITHMICA,0178-4617,1432-0541,"MATHEMATICS, APPLIED - SCIE",Q3,14
ELECTRONIC TRANSACTIONS ON NUMERICAL ANALYSIS,1068-9613,1068-9613,"MATHEMATICS, APPLIED - SCIE",Q3,15
ACTA APPLICANDAE MATHEMATICAE,0167-8019,1572-9036,"MATHEMATICS, APPLIED - SCIE",Q3,16
Mathematical Modelling of Natural Phenomena,0973-5348,1760-6101,"MATHEMATICS, APPLIED - SCIE",Q3,17
Applicable Analysis and Discrete Mathematics,1452-8630,1452-8630,"MATHEMATICS, APPLIED - SCIE",Q3,18
ASYMPTOTIC ANALYSIS,0921-7134,1875-8576,"MATHEMATICS, APPLIED - SCIE",Q3,19
Analysis and Mathematical Physics,1664-2368,1664-235X,"MATHEMATICS, APPLIED - SCIE",Q3,20
DISCRETE APPLIED MATHEMATICS,0166-218X,1872-6771,"MATHEMATICS, APPLIED - SCIE",Q3,21
Banach Journal of Mathematical Analysis,2662-2033,1735-8787,"MATHEMATICS, APPLIED - SCIE",Q3,22
JOURNAL OF CRYPTOLOGY,0933-2790,1432-1378,"MATHEMATICS, APPLIED - SCIE",Q3,23
COMPUTER AIDED GEOMETRIC DESIGN,0167-8396,1879-2332,"MATHEMATICS, APPLIED - SCIE",Q3,24
MATHEMATICS AND COMPUTERS IN SIMULATION,0378-4754,1872-7166,"MATHEMATICS, APPLIED - SCIE",Q3,25
Evolution Equations and Control Theory,2163-2480,2163-2480,"MATHEMATICS, APPLIED - SCIE",Q3,26
DISCRETE AND CONTINUOUS DYNAMICAL SYSTEMS-SERIES B,1531-3492,1553-524X,"MATHEMATICS, APPLIED - SCIE",Q3,27
INFORMATION AND COMPUTATION,0890-5401,1090-2651,"MATHEMATICS, APPLIED - SCIE",Q3,28
Mediterranean Journal of Mathematics,1660-5446,1660-5454,"MATHEMATICS, APPLIED - SCIE",Q3,29
IMA JOURNAL OF APPLIED MATHEMATICS,0272-4960,1464-3634,"MATHEMATICS, APPLIED - SCIE",Q3,30
MATHEMATICAL METHODS IN THE APPLIED SCIENCES,0170-4214,1099-1476,"MATHEMATICS, APPLIED - SCIE",Q3,31
APPLICABLE ALGEBRA IN ENGINEERING COMMUNICATION AND COMPUTING,0938-1279,1432-0622,"MATHEMATICS, APPLIED - SCIE",Q3,32
QUARTERLY OF APPLIED MATHEMATICS,0033-569X,1552-4485,"MATHEMATICS, APPLIED - SCIE",Q3,33
JOURNAL OF COMPUTATIONAL MATHEMATICS,0254-9409,1991-7139,"MATHEMATICS, APPLIED - SCIE",Q3,34
DISCRETE MATHEMATICS AND THEORETICAL COMPUTER SCIENCE,1462-7264,1365-8050,"MATHEMATICS, APPLIED - SCIE",Q3,35
JOURNAL OF DYNAMICAL AND CONTROL SYSTEMS,1079-2724,1573-8698,"MATHEMATICS, APPLIED - SCIE",Q3,36
Computational Methods and Function Theory,1617-9447,2195-3724,"MATHEMATICS, APPLIED - SCIE",Q3,37
Journal of Integral Equations and Applications,0897-3962,1938-2626,"MATHEMATICS, APPLIED - SCIE",Q3,38
Discrete and Continuous Dynamical Systems-Series S,1937-1632,1937-1179,"MATHEMATICS, APPLIED - SCIE",Q3,39
Funkcialaj Ekvacioj-Serio Internacia,0532-8721,N/A,"MATHEMATICS, APPLIED - SCIE",Q3,40
Stochastics-An International Journal of Probability and Stochastic Processes,1744-2508,1744-2516,"MATHEMATICS, APPLIED - SCIE",Q3,41
APPLICABLE ANALYSIS,0003-6811,1563-504X,"MATHEMATICS, APPLIED - SCIE",Q3,42
COMPUTATIONAL & APPLIED MATHEMATICS,2238-3603,1807-0302,"MATHEMATICS, APPLIED - SCIE",Q3,43
AIMS Mathematics,N/A,2473-6988,"MATHEMATICS, APPLIED - SCIE",Q3,44
APPLIED MATHEMATICS AND MECHANICS-ENGLISH EDITION,0253-4827,1573-2754,"MATHEMATICS, APPLIED - SCIE",Q3,45
Advances in Difference Equations,1687-1847,1687-1847,"MATHEMATICS, APPLIED - SCIE",Q3,46
ACTA MATHEMATICA SINICA-ENGLISH SERIES,1439-8516,1439-7617,"MATHEMATICS, APPLIED - SCIE",Q3,47
STOCHASTIC ANALYSIS AND APPLICATIONS,0736-2994,1532-9356,"MATHEMATICS, APPLIED - SCIE",Q3,48
Journal of Mathematical Physics Analysis Geometry,1812-9471,1817-5805,"MATHEMATICS, APPLIED - SCIE",Q3,49
DIFFERENTIAL GEOMETRY AND ITS APPLICATIONS,0926-2245,1872-6984,"MATHEMATICS, APPLIED - SCIE",Q3,50
REGULAR & CHAOTIC DYNAMICS,1560-3547,1468-4845,"MATHEMATICS, APPLIED - SCIE",Q3,51
International Journal of Numerical Analysis and Modeling,1705-5105,1705-5105,"MATHEMATICS, APPLIED - SCIE",Q3,52
JOURNAL OF ALGEBRA AND ITS APPLICATIONS,0219-4988,1793-6829,"MATHEMATICS, APPLIED - SCIE",Q3,53
NUMERICAL FUNCTIONAL ANALYSIS AND OPTIMIZATION,0163-0563,1532-2467,"MATHEMATICS, APPLIED - SCIE",Q3,54
Problems of Information Transmission,0032-9460,1608-3253,"MATHEMATICS, APPLIED - SCIE",Q3,55
QUARTERLY JOURNAL OF MECHANICS AND APPLIED MATHEMATICS,0033-5614,1464-3855,"MATHEMATICS, APPLIED - SCIE",Q3,56
Journal of Nonlinear and Variational Analysis,2560-6921,2560-6778,"MATHEMATICS, APPLIED - SCIE",Q3,57
Journal of Inverse and Ill-Posed Problems,0928-0219,1569-3945,"MATHEMATICS, APPLIED - SCIE",Q3,58
Aequationes Mathematicae,0001-9054,1420-8903,"MATHEMATICS, APPLIED - SCIE",Q3,59
Periodica Mathematica Hungarica,0031-5303,1588-2829,"MATHEMATICS, APPLIED - SCIE",Q3,60
INFINITE DIMENSIONAL ANALYSIS QUANTUM PROBABILITY AND RELATED TOPICS,0219-0257,1793-6306,"MATHEMATICS, APPLIED - SCIE",Q3,61
Fixed Point Theory,1583-5022,2066-9208,"MATHEMATICS, APPLIED - SCIE",Q3,62
Revista de la Union Matematica Argentina,0041-6932,1669-9637,"MATHEMATICS, APPLIED - SCIE",Q3,63
OPTIMAL CONTROL APPLICATIONS & METHODS,0143-2087,1099-1514,"MATHEMATICS, APPLIED - SCIE",Q3,64
ZAMM-Zeitschrift fur Angewandte Mathematik und Mechanik,0044-2267,1521-4001,"MATHEMATICS, APPLIED - SCIE",Q3,65
INTERNATIONAL JOURNAL OF COMPUTER MATHEMATICS,0020-7160,1029-0265,"MATHEMATICS, APPLIED - SCIE",Q3,66
Journal of Mathematical Inequalities,1846-579X,1846-579X,"MATHEMATICS, APPLIED - SCIE",Q3,67
Annals of Functional Analysis,2639-7390,2008-8752,"MATHEMATICS, APPLIED - SCIE",Q4,1
INTEGRAL TRANSFORMS AND SPECIAL FUNCTIONS,1065-2469,1476-8291,"MATHEMATICS, APPLIED - SCIE",Q4,2
INTERNATIONAL JOURNAL OF NONLINEAR SCIENCES AND NUMERICAL SIMULATION,1565-1339,2191-0294,"MATHEMATICS, APPLIED - SCIE",Q4,3
Nonlinear Analysis-Modelling and Control,1392-5113,2335-8963,"MATHEMATICS, APPLIED - SCIE",Q4,4
JOURNAL OF COMBINATORIAL OPTIMIZATION,1382-6905,1573-2886,"MATHEMATICS, APPLIED - SCIE",Q4,5
JOURNAL OF DIFFERENCE EQUATIONS AND APPLICATIONS,1023-6198,1563-5120,"MATHEMATICS, APPLIED - SCIE",Q4,6
Axioms,N/A,2075-1680,"MATHEMATICS, APPLIED - SCIE",Q4,7
JOURNAL OF INEQUALITIES AND APPLICATIONS,1029-242X,1029-242X,"MATHEMATICS, APPLIED - SCIE",Q4,8
ANNALS OF MATHEMATICS AND ARTIFICIAL INTELLIGENCE,1012-2443,1573-7470,"MATHEMATICS, APPLIED - SCIE",Q4,9
Journal of Applied Mathematics and Computing,1598-5865,1865-2085,"MATHEMATICS, APPLIED - SCIE",Q4,10
Electronic Journal of Qualitative Theory of Differential Equations,1417-3875,1417-3875,"MATHEMATICS, APPLIED - SCIE",Q4,11
DYNAMICAL SYSTEMS-AN INTERNATIONAL JOURNAL,1468-9367,1468-9375,"MATHEMATICS, APPLIED - SCIE",Q4,12
RICERCHE DI MATEMATICA,0035-5038,1827-3491,"MATHEMATICS, APPLIED - SCIE",Q4,13
Complex Analysis and Operator Theory,1661-8254,1661-8262,"MATHEMATICS, APPLIED - SCIE",Q4,14
Journal of Pseudo-Differential Operators and Applications,1662-9981,1662-999X,"MATHEMATICS, APPLIED - SCIE",Q4,15
TWMS Journal of Pure and Applied Mathematics,2076-2585,2219-1259,"MATHEMATICS, APPLIED - SCIE",Q4,16
FUNCTIONAL ANALYSIS AND ITS APPLICATIONS,0016-2663,1573-8485,"MATHEMATICS, APPLIED - SCIE",Q4,17
Portugaliae Mathematica,0032-5155,1662-2758,"MATHEMATICS, APPLIED - SCIE",Q4,18
RAIRO-THEORETICAL INFORMATICS AND APPLICATIONS,0988-3754,2804-7346,"MATHEMATICS, APPLIED - SCIE",Q4,19
Boundary Value Problems,1687-2770,1687-2770,"MATHEMATICS, APPLIED - SCIE",Q4,20
LOGIC JOURNAL OF THE IGPL,1367-0751,1368-9894,"MATHEMATICS, APPLIED - SCIE",Q4,21
ACM Transactions on Modeling and Computer Simulation,1049-3301,1558-1195,"MATHEMATICS, APPLIED - SCIE",Q4,22
Electronic Journal of Differential Equations,1072-6691,N/A,"MATHEMATICS, APPLIED - SCIE",Q4,23
Numerical Mathematics-Theory Methods and Applications,1004-8979,2079-7338,"MATHEMATICS, APPLIED - SCIE",Q4,24
Journal of Geometric Mechanics,1941-4889,1941-4897,"MATHEMATICS, APPLIED - SCIE",Q4,25
JOURNAL OF THE KOREAN MATHEMATICAL SOCIETY,0304-9914,2234-3008,"MATHEMATICS, APPLIED - SCIE",Q4,26
East Asian Journal on Applied Mathematics,2079-7362,2079-7370,"MATHEMATICS, APPLIED - SCIE",Q4,27
Iranian Journal of Fuzzy Systems,1735-0654,N/A,"MATHEMATICS, APPLIED - SCIE",Q4,28
Mathematical Sciences,2008-1359,2251-7456,"MATHEMATICS, APPLIED - SCIE",Q4,29
ALGEBRA COLLOQUIUM,1005-3867,0219-1733,"MATHEMATICS, APPLIED - SCIE",Q4,30
FUNDAMENTA INFORMATICAE,0169-2968,1875-8681,"MATHEMATICS, APPLIED - SCIE",Q4,31
Carpathian Journal of Mathematics,1584-2851,1843-4401,"MATHEMATICS, APPLIED - SCIE",Q4,32
INFORMATICA,0868-4952,1822-8844,"MATHEMATICS, APPLIED - SCIE",Q4,33
IMA JOURNAL OF MATHEMATICAL CONTROL AND INFORMATION,0265-0754,1471-6887,"MATHEMATICS, APPLIED - SCIE",Q4,34
Qualitative Theory of Dynamical Systems,1575-5460,1662-3592,"MATHEMATICS, APPLIED - SCIE",Q4,35
Advances in Applied Clifford Algebras,0188-7009,1661-4909,"MATHEMATICS, APPLIED - SCIE",Q4,36
Mathematical Communications,1331-0623,1331-0623,"MATHEMATICS, APPLIED - SCIE",Q4,37
JOURNAL OF NONLINEAR MATHEMATICAL PHYSICS,1402-9251,1776-0852,"MATHEMATICS, APPLIED - SCIE",Q4,38
Proceedings of the Steklov Institute of Mathematics,0081-5438,1531-8605,"MATHEMATICS, APPLIED - SCIE",Q4,39
International Journal of Applied Mathematics and Computer Science,1641-876X,2083-8492,"MATHEMATICS, APPLIED - SCIE",Q4,40
COMPUTATIONAL GEOMETRY-THEORY AND APPLICATIONS,0925-7721,1879-081X,"MATHEMATICS, APPLIED - SCIE",Q4,41
Journal of Applied Analysis and Computation,2156-907X,2158-5644,"MATHEMATICS, APPLIED - SCIE",Q4,42
Filomat,0354-5180,0354-5180,"MATHEMATICS, APPLIED - SCIE",Q4,43
ANZIAM JOURNAL,1446-1811,1446-8735,"MATHEMATICS, APPLIED - SCIE",Q4,44
Glasnik Matematicki,0017-095X,1846-7989,"MATHEMATICS, APPLIED - SCIE",Q4,45
RUSSIAN JOURNAL OF NUMERICAL ANALYSIS AND MATHEMATICAL MODELLING,0927-6467,1569-3988,"MATHEMATICS, APPLIED - SCIE",Q4,46
Advances in Applied Mathematics and Mechanics,2070-0733,2075-1354,"MATHEMATICS, APPLIED - SCIE",Q4,47
Journal of Computational and Theoretical Transport,2332-4309,2332-4325,"MATHEMATICS, APPLIED - SCIE",Q4,48
TOPOLOGY AND ITS APPLICATIONS,0166-8641,1879-3207,"MATHEMATICS, APPLIED - SCIE",Q4,49
AKCE International Journal of Graphs and Combinatorics,0972-8600,2543-3474,"MATHEMATICS, APPLIED - SCIE",Q4,50
Journal of Function Spaces,2314-8896,2314-8888,"MATHEMATICS, APPLIED - SCIE",Q4,51
Applications of Mathematics,0862-7940,1572-9109,"MATHEMATICS, APPLIED - SCIE",Q4,52
Pacific Journal of Optimization,1348-9151,1348-9151,"MATHEMATICS, APPLIED - SCIE",Q4,53
COMPUTATIONAL MATHEMATICS AND MATHEMATICAL PHYSICS,0965-5425,1555-6662,"MATHEMATICS, APPLIED - SCIE",Q4,54
MATHEMATICAL AND COMPUTER MODELLING OF DYNAMICAL SYSTEMS,1387-3954,1744-5051,"MATHEMATICS, APPLIED - SCIE",Q4,55
Journal of Nonlinear and Convex Analysis,1345-4773,1880-5221,"MATHEMATICS, APPLIED - SCIE",Q4,56
RENDICONTI DEL SEMINARIO MATEMATICO DELLA UNIVERSITA DI PADOVA,0041-8994,2240-2926,"MATHEMATICS, APPLIED - SCIE",Q4,57
JAPAN JOURNAL OF INDUSTRIAL AND APPLIED MATHEMATICS,0916-7005,1868-937X,"MATHEMATICS, APPLIED - SCIE",Q4,58
Applied Mathematics-A Journal of Chinese Universities Series B,1005-1031,1993-0445,"MATHEMATICS, APPLIED - SCIE",Q4,59
Analele Stiintifice ale Universitatii Ovidius Constanta-Seria Matematica,1224-1784,1844-0835,"MATHEMATICS, APPLIED - SCIE",Q4,60
Acta Mathematicae Applicatae Sinica-English Series,0168-9673,1618-3932,"MATHEMATICS, APPLIED - SCIE",Q4,61
Image Analysis & Stereology,1580-3139,N/A,"MATHEMATICS, APPLIED - SCIE",Q4,62
Archives of Control Sciences,2300-2611,2300-2611,"MATHEMATICS, APPLIED - SCIE",Q4,63
University Politehnica of Bucharest Scientific Bulletin-Series A-Applied Mathematics and Physics,1223-7027,N/A,"MATHEMATICS, APPLIED - SCIE",Q4,64
Ukrainian Mathematical Journal,0041-5995,1573-9376,"MATHEMATICS, APPLIED - SCIE",Q4,65
CRYPTOLOGIA,0161-1194,1558-1586,"MATHEMATICS, APPLIED - SCIE",Q4,66
,0332-1649,0332-1649,"MATHEMATICS, APPLIED - SCIE",Q4,67
,,,"MATHEMATICS, INTERDISCIPLINARY APPLICATIONS -",,
,,,"MATHEMATICS, INTERDISCIPLINARY APPLICATIONS -",,
,,,"MATHEMATICS, INTERDISCIPLINARY APPLICATIONS -",,
,,,"MATHEMATICS, INTERDISCIPLINARY APPLICATIONS -",,
,,,"MATHEMATICS, INTERDISCIPLINARY APPLICATIONS -",,
,,,"MATHEMATICS, INTERDISCIPLINARY APPLICATIONS -",,
,,,"MATHEMATICS, INTERDISCIPLINARY APPLICATIONS -",,
,,,"MATHEMATICS, INTERDISCIPLINARY APPLICATIONS -",,
,,,"MATHEMATICS, INTERDISCIPLINARY APPLICATIONS -",,
,,,"MATHEMATICS, INTERDISCIPLINARY APPLICATIONS -",,
,,,"MATHEMATICS, INTERDISCIPLINARY APPLICATIONS -",,
,,,"MATHEMATICS, INTERDISCIPLINARY APPLICATIONS -",,
,,,"MATHEMATICS, INTERDISCIPLINARY APPLICATIONS -",,
,,,"MATHEMATICS, INTERDISCIPLINARY APPLICATIONS -",,
,,,"MATHEMATICS, INTERDISCIPLINARY APPLICATIONS -",,
,,,"MATHEMATICS, INTERDISCIPLINARY APPLICATIONS -",,
,,,"MATHEMATICS, INTERDISCIPLINARY APPLICATIONS -",,
,,,"MATHEMATICS, INTERDISCIPLINARY APPLICATIONS -",,
,,,"MATHEMATICS, INTERDISCIPLINARY APPLICATIONS -",,
,,,"MATHEMATICS, INTERDISCIPLINARY APPLICATIONS -",,
,,,"MATHEMATICS, INTERDISCIPLINARY APPLICATIONS -",,
,,,"MATHEMATICS, INTERDISCIPLINARY APPLICATIONS -",,
,,,"MATHEMATICS, INTERDISCIPLINARY APPLICATIONS -",,
,,,"MATHEMATICS, INTERDISCIPLINARY APPLICATIONS -",,
,,,"MATHEMATICS, INTERDISCIPLINARY APPLICATIONS -",,
,,,"MATHEMATICS, INTERDISCIPLINARY APPLICATIONS -",,
,,,"MATHEMATICS, INTERDISCIPLINARY APPLICATIONS -",,
Fractional Calculus and Applied Analysis,1311-0454,1314-2224,"MATHEMATICS, INTERDISCIPLINARY APPLICATIONS - SCIE",Q2,1
JOURNAL OF TIME SERIES ANALYSIS,0143-9782,1467-9892,"MATHEMATICS, INTERDISCIPLINARY APPLICATIONS - SCIE",Q2,2
Spatial Statistics,2211-6753,N/A,"MATHEMATICS, INTERDISCIPLINARY APPLICATIONS - SCIE",Q2,3
INTERNATIONAL JOURNAL FOR NUMERICAL METHODS IN ENGINEERING,0029-5981,1097-0207,"MATHEMATICS, INTERDISCIPLINARY APPLICATIONS - SCIE",Q2,4
Journal of Mathematical Neuroscience,2190-8567,2190-8567,"MATHEMATICS, INTERDISCIPLINARY APPLICATIONS - SCIE",Q2,5
Astin Bulletin-The Journal of the International Actuarial Association,0515-0361,1783-1350,"MATHEMATICS, INTERDISCIPLINARY APPLICATIONS - SCIE",Q2,6
Extremes,1386-1999,1572-915X,"MATHEMATICS, INTERDISCIPLINARY APPLICATIONS - SCIE",Q2,7
Communications in Nonlinear Science and Numerical Simulation,1007-5704,1878-7274,"MATHEMATICS, INTERDISCIPLINARY APPLICATIONS - SCIE",Q2,8
APPLIED MATHEMATICAL MODELLING,0307-904X,1872-8480,"MATHEMATICS, INTERDISCIPLINARY APPLICATIONS - SCIE",Q2,9
Mathematics and Financial Economics,1862-9679,1862-9660,"MATHEMATICS, INTERDISCIPLINARY APPLICATIONS - SCIE",Q2,10
NONLINEAR PROCESSES IN GEOPHYSICS,1023-5809,1607-7946,"MATHEMATICS, INTERDISCIPLINARY APPLICATIONS - SCIE",Q2,11
JOURNAL OF THE FRANKLIN INSTITUTE-ENGINEERING AND APPLIED MATHEMATICS,0016-0032,1879-2693,"MATHEMATICS, INTERDISCIPLINARY APPLICATIONS - SCIE",Q2,12
ENVIRONMETRICS,1180-4009,1099-095X,"MATHEMATICS, INTERDISCIPLINARY APPLICATIONS - SCIE",Q2,13
JOURNAL OF MATHEMATICAL SOCIOLOGY,0022-250X,1545-5874,"MATHEMATICS, INTERDISCIPLINARY APPLICATIONS - SCIE",Q2,14
Networks and Heterogeneous Media,1556-1801,1556-181X,"MATHEMATICS, INTERDISCIPLINARY APPLICATIONS - SCIE",Q2,15
Mathematics in Engineering,N/A,2640-3501,"MATHEMATICS, INTERDISCIPLINARY APPLICATIONS - SCIE",Q2,16
IEEE-ACM Transactions on Computational Biology and Bioinformatics,1545-5963,1557-9964,"MATHEMATICS, INTERDISCIPLINARY APPLICATIONS - SCIE",Q2,17
Scandinavian Actuarial Journal,0346-1238,1651-2030,"MATHEMATICS, INTERDISCIPLINARY APPLICATIONS - SCIE",Q2,18
Mathematical Geosciences,1874-8961,1874-8953,"MATHEMATICS, INTERDISCIPLINARY APPLICATIONS - SCIE",Q2,19
OPTIMIZATION AND ENGINEERING,1389-4420,1573-2924,"MATHEMATICS, INTERDISCIPLINARY APPLICATIONS - SCIE",Q2,20
QUANTITATIVE FINANCE,1469-7688,1469-7696,"MATHEMATICS, INTERDISCIPLINARY APPLICATIONS - SCIE",Q2,21
MATHEMATICS OF CONTROL SIGNALS AND SYSTEMS,0932-4194,1435-568X,"MATHEMATICS, INTERDISCIPLINARY APPLICATIONS - SCIE",Q2,22
INSURANCE MATHEMATICS & ECONOMICS,0167-6687,1873-5959,"MATHEMATICS, INTERDISCIPLINARY APPLICATIONS - SCIE",Q2,23
International Journal for Numerical Methods in Biomedical Engineering,2040-7939,2040-7947,"MATHEMATICS, INTERDISCIPLINARY APPLICATIONS - SCIE",Q2,24
Journal of Complex Networks,2051-1310,2051-1329,"MATHEMATICS, INTERDISCIPLINARY APPLICATIONS - SCIE",Q2,25
Computational Particle Mechanics,2196-4378,2196-4386,"MATHEMATICS, INTERDISCIPLINARY APPLICATIONS - SCIE",Q2,26
INTERNATIONAL JOURNAL FOR NUMERICAL METHODS IN FLUIDS,0271-2091,1097-0363,"MATHEMATICS, INTERDISCIPLINARY APPLICATIONS - SCIE",Q2,27
CHEMOMETRICS AND INTELLIGENT LABORATORY SYSTEMS,0169-7439,1873-3239,"MATHEMATICS, INTERDISCIPLINARY APPLICATIONS - SCIE",Q3,1
MATCH-COMMUNICATIONS IN MATHEMATICAL AND IN COMPUTER CHEMISTRY,0340-6253,N/A,"MATHEMATICS, INTERDISCIPLINARY APPLICATIONS - SCIE",Q3,2
CELESTIAL MECHANICS & DYNAMICAL ASTRONOMY,0923-2958,1572-9478,"MATHEMATICS, INTERDISCIPLINARY APPLICATIONS - SCIE",Q3,3
JOURNAL OF CLASSIFICATION,0176-4268,1432-1343,"MATHEMATICS, INTERDISCIPLINARY APPLICATIONS - SCIE",Q3,4
Mathematical Modelling of Natural Phenomena,0973-5348,1760-6101,"MATHEMATICS, INTERDISCIPLINARY APPLICATIONS - SCIE",Q3,5
ARCHIVE FOR HISTORY OF EXACT SCIENCES,0003-9519,1432-0657,"MATHEMATICS, INTERDISCIPLINARY APPLICATIONS - SCIE",Q3,6
Dynamic Games and Applications,2153-0785,2153-0793,"MATHEMATICS, INTERDISCIPLINARY APPLICATIONS - SCIE",Q3,7
MATHEMATICS AND MECHANICS OF SOLIDS,1081-2865,1741-3028,"MATHEMATICS, INTERDISCIPLINARY APPLICATIONS - SCIE",Q3,8
JOURNAL OF MATHEMATICAL ECONOMICS,0304-4068,1873-1538,"MATHEMATICS, INTERDISCIPLINARY APPLICATIONS - SCIE",Q3,9
ENGINEERING ANALYSIS WITH BOUNDARY ELEMENTS,0955-7997,1873-197X,"MATHEMATICS, INTERDISCIPLINARY APPLICATIONS - SCIE",Q3,10
APPLIED STOCHASTIC MODELS IN BUSINESS AND INDUSTRY,1524-1904,1526-4025,"MATHEMATICS, INTERDISCIPLINARY APPLICATIONS - SCIE",Q3,11
International Journal for Uncertainty Quantification,2152-5080,2152-5099,"MATHEMATICS, INTERDISCIPLINARY APPLICATIONS - SCIE",Q3,12
FRACTALS-COMPLEX GEOMETRY PATTERNS AND SCALING IN NATURE AND SOCIETY,0218-348X,1793-6543,"MATHEMATICS, INTERDISCIPLINARY APPLICATIONS - SCIE",Q3,13
INTERNATIONAL JOURNAL OF NUMERICAL METHODS FOR HEAT & FLUID FLOW,0961-5539,1758-6585,"MATHEMATICS, INTERDISCIPLINARY APPLICATIONS - SCIE",Q3,14
Fractal and Fractional,N/A,2504-3110,"MATHEMATICS, INTERDISCIPLINARY APPLICATIONS - SCIE",Q3,15
ENVIRONMENTAL AND ECOLOGICAL STATISTICS,1352-8505,1573-3009,"MATHEMATICS, INTERDISCIPLINARY APPLICATIONS - SCIE",Q3,16
COMBUSTION THEORY AND MODELLING,1364-7830,1741-3559,"MATHEMATICS, INTERDISCIPLINARY APPLICATIONS - SCIE",Q3,17
INTERNATIONAL JOURNAL OF BIFURCATION AND CHAOS,0218-1274,1793-6551,"MATHEMATICS, INTERDISCIPLINARY APPLICATIONS - SCIE",Q3,18
INTERNATIONAL JOURNAL OF QUANTUM CHEMISTRY,0020-7608,1097-461X,"MATHEMATICS, INTERDISCIPLINARY APPLICATIONS - SCIE",Q3,19
JOURNAL OF CHEMOMETRICS,0886-9383,1099-128X,"MATHEMATICS, INTERDISCIPLINARY APPLICATIONS - SCIE",Q3,20
MATHEMATICAL SOCIAL SCIENCES,0165-4896,1879-3118,"MATHEMATICS, INTERDISCIPLINARY APPLICATIONS - SCIE",Q3,21
Statistics and Its Interface,1938-7989,1938-7997,"MATHEMATICS, INTERDISCIPLINARY APPLICATIONS - SCIE",Q3,22
Nonlinear Analysis-Modelling and Control,1392-5113,2335-8963,"MATHEMATICS, INTERDISCIPLINARY APPLICATIONS - SCIE",Q3,23
INTERNATIONAL JOURNAL OF GAME THEORY,0020-7276,1432-1270,"MATHEMATICS, INTERDISCIPLINARY APPLICATIONS - SCIE",Q3,24
HISTORIA MATHEMATICA,0315-0860,1090-249X,"MATHEMATICS, INTERDISCIPLINARY APPLICATIONS - SCIE",Q3,25
COMPLEXITY,1076-2787,1099-0526,"MATHEMATICS, INTERDISCIPLINARY APPLICATIONS - SCIE",Q3,26
IMA Journal of Management Mathematics,1471-678X,1471-6798,"MATHEMATICS, INTERDISCIPLINARY APPLICATIONS - SCIE",Q3,27
INVERSE PROBLEMS IN SCIENCE AND ENGINEERING,1741-5977,1741-5985,"MATHEMATICS, INTERDISCIPLINARY APPLICATIONS - SCIE",Q4,1
International Journal of Computational Methods,0219-8762,1793-6969,"MATHEMATICS, INTERDISCIPLINARY APPLICATIONS - SCIE",Q4,2
Computational and Mathematical Organization Theory,1381-298X,1572-9346,"MATHEMATICS, INTERDISCIPLINARY APPLICATIONS - SCIE",Q4,3
Computational Economics,0927-7099,1572-9974,"MATHEMATICS, INTERDISCIPLINARY APPLICATIONS - SCIE",Q4,4
International Journal for Multiscale Computational Engineering,1543-1649,1940-4352,"MATHEMATICS, INTERDISCIPLINARY APPLICATIONS - SCIE",Q4,5
ADVANCES IN COMPLEX SYSTEMS,0219-5259,1793-6802,"MATHEMATICS, INTERDISCIPLINARY APPLICATIONS - SCIE",Q4,6
JOURNAL OF MATHEMATICAL CHEMISTRY,0259-9791,1572-8897,"MATHEMATICS, INTERDISCIPLINARY APPLICATIONS - SCIE",Q4,7
JOURNAL OF ENGINEERING MATHEMATICS,0022-0833,1573-2703,"MATHEMATICS, INTERDISCIPLINARY APPLICATIONS - SCIE",Q4,8
CMES-COMPUTER MODELING IN ENGINEERING & SCIENCES,1526-1492,1526-1506,"MATHEMATICS, INTERDISCIPLINARY APPLICATIONS - SCIE",Q4,9
Journal of Systems Science & Complexity,1009-6124,1559-7067,"MATHEMATICS, INTERDISCIPLINARY APPLICATIONS - SCIE",Q4,10
Journal of Industrial and Management Optimization,1547-5816,1553-166X,"MATHEMATICS, INTERDISCIPLINARY APPLICATIONS - SCIE",Q4,11
ENGINEERING COMPUTATIONS,0264-4401,1758-7077,"MATHEMATICS, INTERDISCIPLINARY APPLICATIONS - SCIE",Q4,12
NATURAL RESOURCE MODELING,0890-8575,1939-7445,"MATHEMATICS, INTERDISCIPLINARY APPLICATIONS - SCIE",Q4,13
Journal of Theoretical and Computational Acoustics,2591-7285,2591-7811,"MATHEMATICS, INTERDISCIPLINARY APPLICATIONS - SCIE",Q4,14
International Journal of Wavelets Multiresolution and Information Processing,0219-6913,1793-690X,"MATHEMATICS, INTERDISCIPLINARY APPLICATIONS - SCIE",Q4,15
Mathematical Population Studies,0889-8480,1547-724X,"MATHEMATICS, INTERDISCIPLINARY APPLICATIONS - SCIE",Q4,16
Grey Systems-Theory and Application,2043-9377,2043-9385,"MATHEMATICS, INTERDISCIPLINARY APPLICATIONS - SCIE",Q4,17
Bollettino di Storia delle Scienze Matematiche,0392-4432,1724-1650,"MATHEMATICS, INTERDISCIPLINARY APPLICATIONS - SCIE",Q4,18
MATHEMATICAL PROBLEMS IN ENGINEERING,1024-123X,1563-5147,"MATHEMATICS, INTERDISCIPLINARY APPLICATIONS - SCIE",Q4,19
,0894-3370,1099-1204,"MATHEMATICS, INTERDISCIPLINARY APPLICATIONS - SCIE",Q4,20
DISCRETE DYNAMICS IN NATURE AND SOCIETY,1026-0226,1607-887X,"MATHEMATICS, INTERDISCIPLINARY APPLICATIONS - SCIE",Q4,21
FLUCTUATION AND NOISE LETTERS,0219-4775,1793-6780,"MATHEMATICS, INTERDISCIPLINARY APPLICATIONS - SCIE",Q4,22
Journal of Mathematics and Music,1745-9737,1745-9745,"MATHEMATICS, INTERDISCIPLINARY APPLICATIONS - SCIE",Q4,23
Journal of Grey System,0957-3720,N/A,"MATHEMATICS, INTERDISCIPLINARY APPLICATIONS - SCIE",Q4,24
Economic Computation and Economic Cybernetics Studies and Research,0424-267X,1842-3264,"MATHEMATICS, INTERDISCIPLINARY APPLICATIONS - SCIE",Q4,25
Journal of Cellular Automata,1557-5969,1557-5977,"MATHEMATICS, INTERDISCIPLINARY APPLICATIONS - SCIE",Q4,26
Revista Internacional de Metodos Numericos para Calculo y Diseno en Ingenieria,0213-1315,N/A,"MATHEMATICS, INTERDISCIPLINARY APPLICATIONS - SCIE",Q4,27
EDUCATIONAL PSYCHOLOGIST,0046-1520,1532-6985,"PSYCHOLOGY, EDUCATIONAL - SSCI",Q1,1
EDUCATIONAL PSYCHOLOGY REVIEW,1040-726X,1573-336X,"PSYCHOLOGY, EDUCATIONAL - SSCI",Q1,2
JOURNAL OF EDUCATIONAL PSYCHOLOGY,0022-0663,1939-2176,"PSYCHOLOGY, EDUCATIONAL - SSCI",Q1,3
JOURNAL OF THE LEARNING SCIENCES,1050-8406,1532-7809,"PSYCHOLOGY, EDUCATIONAL - SSCI",Q1,4
COGNITION AND INSTRUCTION,0737-0008,1532-690X,"PSYCHOLOGY, EDUCATIONAL - SSCI",Q1,5
CHILD DEVELOPMENT,0009-3920,1467-8624,"PSYCHOLOGY, EDUCATIONAL - SSCI",Q1,6
LEARNING AND INSTRUCTION,0959-4752,1873-3263,"PSYCHOLOGY, EDUCATIONAL - SSCI",Q1,7
CONTEMPORARY EDUCATIONAL PSYCHOLOGY,0361-476X,1090-2384,"PSYCHOLOGY, EDUCATIONAL - SSCI",Q1,8
JOURNAL OF COUNSELING PSYCHOLOGY,0022-0167,1939-2168,"PSYCHOLOGY, EDUCATIONAL - SSCI",Q1,9
READING RESEARCH QUARTERLY,0034-0553,1936-2722,"PSYCHOLOGY, EDUCATIONAL - SSCI",Q1,10
EDUCATIONAL AND PSYCHOLOGICAL MEASUREMENT,0013-1644,1552-3888,"PSYCHOLOGY, EDUCATIONAL - SSCI",Q1,11
Journal of Diversity in Higher Education,1938-8926,1938-8934,"PSYCHOLOGY, EDUCATIONAL - SSCI",Q1,12
JOURNAL OF SCHOOL PSYCHOLOGY,0022-4405,1873-3506,"PSYCHOLOGY, EDUCATIONAL - SSCI",Q1,13
SCIENTIFIC STUDIES OF READING,1088-8438,1532-799X,"PSYCHOLOGY, EDUCATIONAL - SSCI",Q1,14
JOURNAL OF EDUCATIONAL MEASUREMENT,0022-0655,1745-3984,"PSYCHOLOGY, EDUCATIONAL - SSCI",Q1,15
Metacognition and Learning,1556-1623,1556-1631,"PSYCHOLOGY, EDUCATIONAL - SSCI",Q2,1
BRITISH JOURNAL OF EDUCATIONAL PSYCHOLOGY,0007-0998,2044-8279,"PSYCHOLOGY, EDUCATIONAL - SSCI",Q2,2
JOURNAL OF LITERACY RESEARCH,1086-296X,1554-8430,"PSYCHOLOGY, EDUCATIONAL - SSCI",Q2,3
LEARNING AND INDIVIDUAL DIFFERENCES,1041-6080,1873-3425,"PSYCHOLOGY, EDUCATIONAL - SSCI",Q2,4
SCHOOL PSYCHOLOGY REVIEW,N/A,2372-966X,"PSYCHOLOGY, EDUCATIONAL - SSCI",Q2,5
READING AND WRITING,0922-4777,1573-0905,"PSYCHOLOGY, EDUCATIONAL - SSCI",Q2,6
INSTRUCTIONAL SCIENCE,0020-4277,1573-1952,"PSYCHOLOGY, EDUCATIONAL - SSCI",Q2,7
JOURNAL OF RESEARCH IN READING,0141-0423,1467-9817,"PSYCHOLOGY, EDUCATIONAL - SSCI",Q2,8
JOURNAL OF EXPERIMENTAL EDUCATION,0022-0973,1940-0683,"PSYCHOLOGY, EDUCATIONAL - SSCI",Q2,9
APPLIED MEASUREMENT IN EDUCATION,0895-7347,1532-4818,"PSYCHOLOGY, EDUCATIONAL - SSCI",Q2,10
BEHAVIORAL DISORDERS,0198-7429,2163-5307,"PSYCHOLOGY, EDUCATIONAL - SSCI",Q2,11
School Mental Health,1866-2625,1866-2633,"PSYCHOLOGY, EDUCATIONAL - SSCI",Q2,12
DISCOURSE PROCESSES,0163-853X,1532-6950,"PSYCHOLOGY, EDUCATIONAL - SSCI",Q2,13
Social Psychology of Education,1381-2890,1573-1928,"PSYCHOLOGY, EDUCATIONAL - SSCI",Q2,14
Language Assessment Quarterly,1543-4303,1543-4311,"PSYCHOLOGY, EDUCATIONAL - SSCI",Q2,15
Educational Psychology,0144-3410,1469-5820,"PSYCHOLOGY, EDUCATIONAL - SSCI",Q3,1
Early Education and Development,1040-9289,1556-6935,"PSYCHOLOGY, EDUCATIONAL - SSCI",Q3,2
EUROPEAN JOURNAL OF PSYCHOLOGY OF EDUCATION,0256-2928,1878-5174,"PSYCHOLOGY, EDUCATIONAL - SSCI",Q3,3
GIFTED CHILD QUARTERLY,0016-9862,1934-9041,"PSYCHOLOGY, EDUCATIONAL - SSCI",Q3,4
Educational Measurement-Issues and Practice,0731-1745,1745-3992,"PSYCHOLOGY, EDUCATIONAL - SSCI",Q3,5
Studies in Educational Evaluation,0191-491X,N/A,"PSYCHOLOGY, EDUCATIONAL - SSCI",Q3,6
Journal of School Violence,1538-8220,1538-8239,"PSYCHOLOGY, EDUCATIONAL - SSCI",Q3,7
JOURNAL OF EARLY INTERVENTION,1053-8151,2154-3992,"PSYCHOLOGY, EDUCATIONAL - SSCI",Q3,8
School Psychology,2578-4218,2578-4226,"PSYCHOLOGY, EDUCATIONAL - SSCI",Q3,9
MEASUREMENT AND EVALUATION IN COUNSELING AND DEVELOPMENT,0748-1756,1947-6302,"PSYCHOLOGY, EDUCATIONAL - SSCI",Q3,10
JOURNAL OF CREATIVE BEHAVIOR,0022-0175,2162-6057,"PSYCHOLOGY, EDUCATIONAL - SSCI",Q3,11
JOURNAL OF EMOTIONAL AND BEHAVIORAL DISORDERS,1063-4266,1538-4799,"PSYCHOLOGY, EDUCATIONAL - SSCI",Q3,12
DYSLEXIA,1076-9242,1099-0909,"PSYCHOLOGY, EDUCATIONAL - SSCI",Q3,13
CREATIVITY RESEARCH JOURNAL,1040-0419,1532-6934,"PSYCHOLOGY, EDUCATIONAL - SSCI",Q3,14
JOURNAL OF APPLIED RESEARCH IN INTELLECTUAL DISABILITIES,1360-2322,1468-3148,"PSYCHOLOGY, EDUCATIONAL - SSCI",Q3,15
Revista de Psicodidactica,1136-1034,2254-4372,"PSYCHOLOGY, EDUCATIONAL - SSCI",Q4,1
Psychology of Music,0305-7356,1741-3087,"PSYCHOLOGY, EDUCATIONAL - SSCI",Q4,2
SCHOOL PSYCHOLOGY INTERNATIONAL,0143-0343,1461-7374,"PSYCHOLOGY, EDUCATIONAL - SSCI",Q4,3
PSYCHOLOGY IN THE SCHOOLS,0033-3085,1520-6807,"PSYCHOLOGY, EDUCATIONAL - SSCI",Q4,4
HIGH ABILITY STUDIES,1359-8139,1469-834X,"PSYCHOLOGY, EDUCATIONAL - SSCI",Q4,5
JOURNAL OF EDUCATIONAL AND PSYCHOLOGICAL CONSULTATION,1047-4412,1532-768X,"PSYCHOLOGY, EDUCATIONAL - SSCI",Q4,6
Psicologia Educativa,1135-755X,2174-0526,"PSYCHOLOGY, EDUCATIONAL - SSCI",Q4,7
JOURNAL OF PSYCHOEDUCATIONAL ASSESSMENT,0734-2829,1557-5144,"PSYCHOLOGY, EDUCATIONAL - SSCI",Q4,8
ZEITSCHRIFT FUR PADAGOGISCHE PSYCHOLOGIE,1010-0652,1664-2910,"PSYCHOLOGY, EDUCATIONAL - SSCI",Q4,9
Training and Education in Professional Psychology,1931-3918,1931-3926,"PSYCHOLOGY, EDUCATIONAL - SSCI",Q4,10
Journal for the Study of Education and Development,0210-3702,1578-4126,"PSYCHOLOGY, EDUCATIONAL - SSCI",Q4,11
Infancia y Aprendizaje,N/A,1578-4126,"PSYCHOLOGY, EDUCATIONAL - SSCI",Q4,12
Canadian Journal of School Psychology,0829-5735,2154-3984,"PSYCHOLOGY, EDUCATIONAL - SSCI",Q4,13
ZEITSCHRIFT FUR ENTWICKLUNGSPSYCHOLOGIE UND PADAGOGISCHE PSYCHOLOGIE,0049-8637,2190-6262,"PSYCHOLOGY, EDUCATIONAL - SSCI",Q4,14
PSYCHOLOGIE IN ERZIEHUNG UND UNTERRICHT,0342-183X,N/A,"PSYCHOLOGY, EDUCATIONAL - SSCI",Q4,15
VOPROSY PSIKHOLOGII,0042-8841,N/A,"PSYCHOLOGY, EDUCATIONAL - SSCI",Q4,16
ECONOMETRICA,0012-9682,1468-0262,STATISTICS & PROBABILITY - SCIE,Q1,1
Journal of Statistical Software,1548-7660,1548-7660,STATISTICS & PROBABILITY - SCIE,Q1,2
JOURNAL OF THE ROYAL STATISTICAL SOCIETY SERIES B-STATISTICAL METHODOLOGY,1369-7412,1467-9868,STATISTICS & PROBABILITY - SCIE,Q1,3
Annual Review of Statistics and Its Application,2326-8298,2326-831X,STATISTICS & PROBABILITY - SCIE,Q1,4
ANNALS OF STATISTICS,0090-5364,N/A,STATISTICS & PROBABILITY - SCIE,Q1,5
JOURNAL OF BUSINESS & ECONOMIC STATISTICS,0735-0015,1537-2707,STATISTICS & PROBABILITY - SCIE,Q1,6
R Journal,2073-4859,N/A,STATISTICS & PROBABILITY - SCIE,Q1,7
Econometrics Journal,1368-4221,1368-423X,STATISTICS & PROBABILITY - SCIE,Q1,8
JOURNAL OF THE AMERICAN STATISTICAL ASSOCIATION,0162-1459,1537-274X,STATISTICS & PROBABILITY - SCIE,Q1,9
STATISTICAL SCIENCE,0883-4237,2168-8745,STATISTICS & PROBABILITY - SCIE,Q1,10
AMERICAN STATISTICIAN,0003-1305,1537-2731,STATISTICS & PROBABILITY - SCIE,Q1,11
Stata Journal,1536-867X,1536-8734,STATISTICS & PROBABILITY - SCIE,Q1,12
BIOMETRIKA,0006-3444,1464-3510,STATISTICS & PROBABILITY - SCIE,Q1,13
BIOSTATISTICS,1465-4644,1468-4357,STATISTICS & PROBABILITY - SCIE,Q1,14
ANNALS OF PROBABILITY,0091-1798,N/A,STATISTICS & PROBABILITY - SCIE,Q1,15
PROBABILITY THEORY AND RELATED FIELDS,0178-8051,1432-2064,STATISTICS & PROBABILITY - SCIE,Q1,16
Bayesian Analysis,1931-6690,1936-0975,STATISTICS & PROBABILITY - SCIE,Q1,17
MULTIVARIATE BEHAVIORAL RESEARCH,0027-3171,1532-7906,STATISTICS & PROBABILITY - SCIE,Q1,18
JOURNAL OF COMPUTATIONAL AND GRAPHICAL STATISTICS,1061-8600,1537-2715,STATISTICS & PROBABILITY - SCIE,Q1,19
STATISTICS AND COMPUTING,0960-3174,1573-1375,STATISTICS & PROBABILITY - SCIE,Q1,20
ECONOMETRIC THEORY,0266-4666,1469-4360,STATISTICS & PROBABILITY - SCIE,Q1,21
ANNALS OF APPLIED PROBABILITY,1050-5164,N/A,STATISTICS & PROBABILITY - SCIE,Q1,22
Annals of Applied Statistics,1932-6157,1941-7330,STATISTICS & PROBABILITY - SCIE,Q1,23
BRITISH JOURNAL OF MATHEMATICAL & STATISTICAL PSYCHOLOGY,0007-1102,2044-8317,STATISTICS & PROBABILITY - SCIE,Q1,24
TECHNOMETRICS,0040-1706,1537-2723,STATISTICS & PROBABILITY - SCIE,Q1,25
INTERNATIONAL STATISTICAL REVIEW,0306-7734,1751-5823,STATISTICS & PROBABILITY - SCIE,Q1,26
Wiley Interdisciplinary Reviews-Computational Statistics,1939-0068,1939-0068,STATISTICS & PROBABILITY - SCIE,Q1,27
BERNOULLI,1350-7265,1573-9759,STATISTICS & PROBABILITY - SCIE,Q1,28
STATISTICS IN MEDICINE,0277-6715,1097-0258,STATISTICS & PROBABILITY - SCIE,Q1,29
FINANCE AND STOCHASTICS,0949-2984,1432-1122,STATISTICS & PROBABILITY - SCIE,Q1,30
ANNALES DE L INSTITUT HENRI POINCARE-PROBABILITES ET STATISTIQUES,0246-0203,N/A,STATISTICS & PROBABILITY - SCIE,Q1,31
TEST,1133-0686,1863-8260,STATISTICS & PROBABILITY - SCIE,Q2,1
BIOMETRICS,0006-341X,1541-0420,STATISTICS & PROBABILITY - SCIE,Q2,2
JOURNAL OF THE ROYAL STATISTICAL SOCIETY SERIES A-STATISTICS IN SOCIETY,0964-1998,1467-985X,STATISTICS & PROBABILITY - SCIE,Q2,3
Electronic Journal of Statistics,1935-7524,1935-7524,STATISTICS & PROBABILITY - SCIE,Q2,4
STATISTICAL METHODS IN MEDICAL RESEARCH,0962-2802,1477-0334,STATISTICS & PROBABILITY - SCIE,Q2,5
Stat,2049-1573,2049-1573,STATISTICS & PROBABILITY - SCIE,Q2,6
International Journal of Biostatistics,2194-573X,1557-4679,STATISTICS & PROBABILITY - SCIE,Q2,7
ELECTRONIC JOURNAL OF PROBABILITY,1083-6489,1083-6489,STATISTICS & PROBABILITY - SCIE,Q2,8
STATISTICA SINICA,1017-0405,1996-8507,STATISTICS & PROBABILITY - SCIE,Q2,9
COMBINATORICS PROBABILITY & COMPUTING,0963-5483,1469-2163,STATISTICS & PROBABILITY - SCIE,Q2,10
Stochastics and Partial Differential Equations-Analysis and Computations,2194-0401,2194-041X,STATISTICS & PROBABILITY - SCIE,Q2,11
OXFORD BULLETIN OF ECONOMICS AND STATISTICS,0305-9049,1468-0084,STATISTICS & PROBABILITY - SCIE,Q2,12
Random Matrices-Theory and Applications,2010-3263,2010-3271,STATISTICS & PROBABILITY - SCIE,Q2,13
STOCHASTIC PROCESSES AND THEIR APPLICATIONS,0304-4149,1879-209X,STATISTICS & PROBABILITY - SCIE,Q2,14
JOURNAL OF THE ROYAL STATISTICAL SOCIETY SERIES C-APPLIED STATISTICS,0035-9254,1467-9876,STATISTICS & PROBABILITY - SCIE,Q2,15
JOURNAL OF AGRICULTURAL BIOLOGICAL AND ENVIRONMENTAL STATISTICS,1085-7117,1537-2693,STATISTICS & PROBABILITY - SCIE,Q2,16
BIOMETRICAL JOURNAL,0323-3847,1521-4036,STATISTICS & PROBABILITY - SCIE,Q2,17
SCANDINAVIAN JOURNAL OF STATISTICS,0303-6898,1467-9469,STATISTICS & PROBABILITY - SCIE,Q2,18
COMPUTATIONAL STATISTICS & DATA ANALYSIS,0167-9473,1872-7352,STATISTICS & PROBABILITY - SCIE,Q2,19
LIFETIME DATA ANALYSIS,1380-7870,1572-9249,STATISTICS & PROBABILITY - SCIE,Q2,20
Econometric Reviews,0747-4938,1532-4168,STATISTICS & PROBABILITY - SCIE,Q2,21
JOURNAL OF MULTIVARIATE ANALYSIS,0047-259X,N/A,STATISTICS & PROBABILITY - SCIE,Q2,22
PHARMACEUTICAL STATISTICS,1539-1604,1539-1612,STATISTICS & PROBABILITY - SCIE,Q2,23
JOURNAL OF TIME SERIES ANALYSIS,0143-9782,1467-9892,STATISTICS & PROBABILITY - SCIE,Q2,24
JOURNAL OF QUALITY TECHNOLOGY,0022-4065,2575-6230,STATISTICS & PROBABILITY - SCIE,Q2,25
Spatial Statistics,2211-6753,N/A,STATISTICS & PROBABILITY - SCIE,Q2,26
STATISTICAL MODELLING,1471-082X,1477-0342,STATISTICS & PROBABILITY - SCIE,Q2,27
Astin Bulletin-The Journal of the International Actuarial Association,0515-0361,1783-1350,STATISTICS & PROBABILITY - SCIE,Q2,28
Extremes,1386-1999,1572-915X,STATISTICS & PROBABILITY - SCIE,Q2,29
Advances in Data Analysis and Classification,1862-5347,1862-5355,STATISTICS & PROBABILITY - SCIE,Q2,30
ENVIRONMETRICS,1180-4009,1099-095X,STATISTICS & PROBABILITY - SCIE,Q2,31
ANNALS OF THE INSTITUTE OF STATISTICAL MATHEMATICS,0020-3157,1572-9052,STATISTICS & PROBABILITY - SCIE,Q3,1
PROBABILISTIC ENGINEERING MECHANICS,0266-8920,1878-4275,STATISTICS & PROBABILITY - SCIE,Q3,2
ELECTRONIC COMMUNICATIONS IN PROBABILITY,N/A,1083-589X,STATISTICS & PROBABILITY - SCIE,Q3,3
STATISTICS,0233-1888,1029-4910,STATISTICS & PROBABILITY - SCIE,Q3,4
IEEE-ACM Transactions on Computational Biology and Bioinformatics,1545-5963,1557-9964,STATISTICS & PROBABILITY - SCIE,Q3,5
CANADIAN JOURNAL OF STATISTICS-REVUE CANADIENNE DE STATISTIQUE,0319-5724,1708-945X,STATISTICS & PROBABILITY - SCIE,Q3,6
Scandinavian Actuarial Journal,0346-1238,1651-2030,STATISTICS & PROBABILITY - SCIE,Q3,7
ALEA-Latin American Journal of Probability and Mathematical Statistics,1980-0436,N/A,STATISTICS & PROBABILITY - SCIE,Q3,8
ADVANCES IN APPLIED PROBABILITY,0001-8678,1475-6064,STATISTICS & PROBABILITY - SCIE,Q3,9
AUSTRALIAN & NEW ZEALAND JOURNAL OF STATISTICS,1369-1473,1467-842X,STATISTICS & PROBABILITY - SCIE,Q3,10
INSURANCE MATHEMATICS & ECONOMICS,0167-6687,1873-5959,STATISTICS & PROBABILITY - SCIE,Q3,11
FUZZY SETS AND SYSTEMS,0165-0114,1872-6801,STATISTICS & PROBABILITY - SCIE,Q3,12
Journal of Statistical Planning and Inference,0378-3758,1873-1171,STATISTICS & PROBABILITY - SCIE,Q3,13
JOURNAL OF APPLIED PROBABILITY,0021-9002,1475-6072,STATISTICS & PROBABILITY - SCIE,Q3,14
Statistics in Biopharmaceutical Research,1946-6315,1946-6315,STATISTICS & PROBABILITY - SCIE,Q3,15
AStA-Advances in Statistical Analysis,1863-8171,1863-818X,STATISTICS & PROBABILITY - SCIE,Q3,16
CHEMOMETRICS AND INTELLIGENT LABORATORY SYSTEMS,0169-7439,1873-3239,STATISTICS & PROBABILITY - SCIE,Q3,17
Statistical Analysis and Data Mining,1932-1864,1932-1872,STATISTICS & PROBABILITY - SCIE,Q3,18
JOURNAL OF NONPARAMETRIC STATISTICS,1048-5252,1029-0311,STATISTICS & PROBABILITY - SCIE,Q3,19
JOURNAL OF THEORETICAL PROBABILITY,0894-9840,1572-9230,STATISTICS & PROBABILITY - SCIE,Q3,20
SORT-Statistics and Operations Research Transactions,1696-2281,2013-8830,STATISTICS & PROBABILITY - SCIE,Q3,21
STOCHASTIC ENVIRONMENTAL RESEARCH AND RISK ASSESSMENT,1436-3240,1436-3259,STATISTICS & PROBABILITY - SCIE,Q3,22
ESAIM-Probability and Statistics,1292-8100,1262-3318,STATISTICS & PROBABILITY - SCIE,Q3,23
Stochastics and Dynamics,0219-4937,1793-6799,STATISTICS & PROBABILITY - SCIE,Q3,24
STATISTICAL PAPERS,0932-5026,1613-9798,STATISTICS & PROBABILITY - SCIE,Q3,25
Journal of Biopharmaceutical Statistics,1054-3406,1520-5711,STATISTICS & PROBABILITY - SCIE,Q3,26
STATISTICA NEERLANDICA,0039-0402,1467-9574,STATISTICS & PROBABILITY - SCIE,Q3,27
METRIKA,0026-1335,1435-926X,STATISTICS & PROBABILITY - SCIE,Q3,28
Quality Engineering,0898-2112,1532-4222,STATISTICS & PROBABILITY - SCIE,Q3,29
Journal of Official Statistics,0282-423X,2001-7367,STATISTICS & PROBABILITY - SCIE,Q3,30
COMPUTATIONAL STATISTICS,0943-4062,1613-9658,STATISTICS & PROBABILITY - SCIE,Q3,31
APPLIED STOCHASTIC MODELS IN BUSINESS AND INDUSTRY,1524-1904,1526-4025,STATISTICS & PROBABILITY - SCIE,Q4,1
Quality Technology and Quantitative Management,1684-3703,1811-4857,STATISTICS & PROBABILITY - SCIE,Q4,2
JOURNAL OF STATISTICAL COMPUTATION AND SIMULATION,0094-9655,1563-5163,STATISTICS & PROBABILITY - SCIE,Q4,3
JOURNAL OF COMPUTATIONAL BIOLOGY,1066-5277,1557-8666,STATISTICS & PROBABILITY - SCIE,Q4,4
Stochastics-An International Journal of Probability and Stochastic Processes,1744-2508,1744-2516,STATISTICS & PROBABILITY - SCIE,Q4,5
Survey Methodology,0714-0045,N/A,STATISTICS & PROBABILITY - SCIE,Q4,6
Statistical Methods and Applications,1618-2510,1613-981X,STATISTICS & PROBABILITY - SCIE,Q4,7
ENVIRONMENTAL AND ECOLOGICAL STATISTICS,1352-8505,1573-3009,STATISTICS & PROBABILITY - SCIE,Q4,8
JOURNAL OF APPLIED STATISTICS,0266-4763,1360-0532,STATISTICS & PROBABILITY - SCIE,Q4,9
STOCHASTIC ANALYSIS AND APPLICATIONS,0736-2994,1532-9356,STATISTICS & PROBABILITY - SCIE,Q4,10
STATISTICS & PROBABILITY LETTERS,0167-7152,1879-2103,STATISTICS & PROBABILITY - SCIE,Q4,11
Brazilian Journal of Probability and Statistics,0103-0752,0103-0752,STATISTICS & PROBABILITY - SCIE,Q4,12
PROBABILITY IN THE ENGINEERING AND INFORMATIONAL SCIENCES,0269-9648,1469-8951,STATISTICS & PROBABILITY - SCIE,Q4,13
Journal of the Korean Statistical Society,1226-3192,2005-2863,STATISTICS & PROBABILITY - SCIE,Q4,14
JOURNAL OF CHEMOMETRICS,0886-9383,1099-128X,STATISTICS & PROBABILITY - SCIE,Q4,15
INFINITE DIMENSIONAL ANALYSIS QUANTUM PROBABILITY AND RELATED TOPICS,0219-0257,1793-6306,STATISTICS & PROBABILITY - SCIE,Q4,16
METHODOLOGY AND COMPUTING IN APPLIED PROBABILITY,1387-5841,1573-7713,STATISTICS & PROBABILITY - SCIE,Q4,17
OPEN SYSTEMS & INFORMATION DYNAMICS,1230-1612,1793-7191,STATISTICS & PROBABILITY - SCIE,Q4,18
INTERNATIONAL JOURNAL OF GAME THEORY,0020-7276,1432-1270,STATISTICS & PROBABILITY - SCIE,Q4,19
Markov Processes and Related Fields,1024-2953,1024-2953,STATISTICS & PROBABILITY - SCIE,Q4,20
Probability and Mathematical Statistics-Poland,0208-4147,N/A,STATISTICS & PROBABILITY - SCIE,Q4,21
Statistical Applications in Genetics and Molecular Biology,2194-6302,1544-6115,STATISTICS & PROBABILITY - SCIE,Q4,22
THEORY OF PROBABILITY AND ITS APPLICATIONS,0040-585X,1095-7219,STATISTICS & PROBABILITY - SCIE,Q4,23
REVSTAT-Statistical Journal,1645-6726,2183-0371,STATISTICS & PROBABILITY - SCIE,Q4,24
LAW PROBABILITY & RISK,1470-8396,1470-840X,STATISTICS & PROBABILITY - SCIE,Q4,25
COMMUNICATIONS IN STATISTICS-SIMULATION AND COMPUTATION,0361-0918,1532-4141,STATISTICS & PROBABILITY - SCIE,Q4,26
STOCHASTIC MODELS,1532-6349,1532-4214,STATISTICS & PROBABILITY - SCIE,Q4,27
Hacettepe Journal of Mathematics and Statistics,N/A,2651-477X,STATISTICS & PROBABILITY - SCIE,Q4,28
Sequential Analysis-Design Methods and Applications,0747-4946,1532-4176,STATISTICS & PROBABILITY - SCIE,Q4,29
COMMUNICATIONS IN STATISTICS-THEORY AND METHODS,0361-0926,1532-415X,STATISTICS & PROBABILITY - SCIE,Q4,30
Mathematical Population Studies,0889-8480,1547-724X,STATISTICS & PROBABILITY - SCIE,Q4,31
Journal of Survey Statistics and Methodology,2325-0984,2325-0992,STATISTICS & PROBABILITY - SCIE,N/A,1
